date,product_name,category,quantity,unit_price
2022-02-01,Молоко,Молочные продукты,43,1.8
2022-02-01,Кефир,Молочные продукты,9,1.6
2022-02-01,Сыр,Молочные продукты,10,12.5
2022-02-01,Йогурт,Молочные продукты,15,1.2
2022-02-01,Яйца,Молочные продукты,14,3.2
2022-02-01,Хлеб,Хлеб и выпечка,116,0.8
2022-02-01,Лаваш,Хлеб и выпечка,77,0.6
2022-02-01,Мороженое,Замороженные продукты,3,1.5
2022-02-01,Пельмени,Замороженные продукты,11,6.0
2022-02-01,Чай,Напитки,15,3.5
2022-02-01,Кофе,Напитки,7,8.0
2022-02-01,Сок,Напитки,10,2.8
2022-02-01,Вода,Напитки,47,0.6
2022-02-01,Говядина,Мясо,14,14.0
2022-02-01,Курица,Мясо,21,7.5
2022-02-01,Колбаса,Мясо,10,9.0
2022-02-01,Баранина,Мясо,5,16.0
2022-02-01,Шоколад,Сладости,26,2.5
2022-02-01,Конфеты,Сладости,17,6.0
2022-02-01,Печенье,Сладости,30,2.2
2022-02-01,Халва,Сладости,4,4.5
2022-02-01,Рис,Бакалея,18,2.8
2022-02-01,Сахар,Бакалея,19,1.5
2022-02-01,Макароны,Бакалея,15,1.3
2022-02-01,Масло подсолнечное,Бакалея,11,3.8
2022-02-02,Молоко,Молочные продукты,34,1.8
2022-02-02,Кефир,Молочные продукты,12,1.6
2022-02-02,Сыр,Молочные продукты,10,12.5
2022-02-02,Йогурт,Молочные продукты,27,1.2
2022-02-02,Яйца,Молочные продукты,21,3.2
2022-02-02,Хлеб,Хлеб и выпечка,112,0.8
2022-02-02,Лаваш,Хлеб и выпечка,64,0.6
2022-02-02,Мороженое,Замороженные продукты,5,1.5
2022-02-02,Пельмени,Замороженные продукты,5,6.0
2022-02-02,Чай,Напитки,22,3.5
2022-02-02,Кофе,Напитки,8,8.0
2022-02-02,Сок,Напитки,16,2.8
2022-02-02,Вода,Напитки,62,0.6
2022-02-02,Говядина,Мясо,11,14.0
2022-02-02,Курица,Мясо,18,7.5
2022-02-02,Колбаса,Мясо,11,9.0
2022-02-02,Баранина,Мясо,6,16.0
2022-02-02,Шоколад,Сладости,33,2.5
2022-02-02,Конфеты,Сладости,18,6.0
2022-02-02,Печенье,Сладости,33,2.2
2022-02-02,Халва,Сладости,8,4.5
2022-02-02,Рис,Бакалея,10,2.8
2022-02-02,Сахар,Бакалея,32,1.5
2022-02-02,Макароны,Бакалея,26,1.3
2022-02-02,Масло подсолнечное,Бакалея,12,3.8
2022-02-03,Молоко,Молочные продукты,43,1.8
2022-02-03,Кефир,Молочные продукты,12,1.6
2022-02-03,Сыр,Молочные продукты,7,12.5
2022-02-03,Йогурт,Молочные продукты,21,1.2
2022-02-03,Яйца,Молочные продукты,21,3.2
2022-02-03,Хлеб,Хлеб и выпечка,110,0.8
2022-02-03,Лаваш,Хлеб и выпечка,45,0.6
2022-02-03,Мороженое,Замороженные продукты,4,1.5
2022-02-03,Пельмени,Замороженные продукты,9,6.0
2022-02-03,Чай,Напитки,32,3.5
2022-02-03,Кофе,Напитки,5,8.0
2022-02-03,Сок,Напитки,20,2.8
2022-02-03,Вода,Напитки,54,0.6
2022-02-03,Говядина,Мясо,14,14.0
2022-02-03,Курица,Мясо,20,7.5
2022-02-03,Колбаса,Мясо,11,9.0
2022-02-03,Баранина,Мясо,8,16.0
2022-02-03,Шоколад,Сладости,20,2.5
2022-02-03,Конфеты,Сладости,13,6.0
2022-02-03,Печенье,Сладости,34,2.2
2022-02-03,Халва,Сладости,3,4.5
2022-02-03,Рис,Бакалея,7,2.8
2022-02-03,Сахар,Бакалея,28,1.5
2022-02-03,Макароны,Бакалея,17,1.3
2022-02-03,Масло подсолнечное,Бакалея,4,3.8
2022-02-04,Молоко,Молочные продукты,33,1.8
2022-02-04,Кефир,Молочные продукты,15,1.6
2022-02-04,Сыр,Молочные продукты,5,12.5
2022-02-04,Йогурт,Молочные продукты,28,1.2
2022-02-04,Яйца,Молочные продукты,31,3.2
2022-02-04,Хлеб,Хлеб и выпечка,119,0.8
2022-02-04,Лаваш,Хлеб и выпечка,56,0.6
2022-02-04,Мороженое,Замороженные продукты,5,1.5
2022-02-04,Пельмени,Замороженные продукты,8,6.0
2022-02-04,Чай,Напитки,20,3.5
2022-02-04,Кофе,Напитки,13,8.0
2022-02-04,Сок,Напитки,19,2.8
2022-02-04,Вода,Напитки,61,0.6
2022-02-04,Говядина,Мясо,12,14.0
2022-02-04,Курица,Мясо,16,7.5
2022-02-04,Колбаса,Мясо,8,9.0
2022-02-04,Баранина,Мясо,9,16.0
2022-02-04,Шоколад,Сладости,21,2.5
2022-02-04,Конфеты,Сладости,14,6.0
2022-02-04,Печенье,Сладости,28,2.2
2022-02-04,Халва,Сладости,8,4.5
2022-02-04,Рис,Бакалея,14,2.8
2022-02-04,Сахар,Бакалея,29,1.5
2022-02-04,Макароны,Бакалея,14,1.3
2022-02-04,Масло подсолнечное,Бакалея,13,3.8
2022-02-05,Молоко,Молочные продукты,47,1.8
2022-02-05,Кефир,Молочные продукты,21,1.6
2022-02-05,Сыр,Молочные продукты,13,12.5
2022-02-05,Йогурт,Молочные продукты,18,1.2
2022-02-05,Яйца,Молочные продукты,26,3.2
2022-02-05,Хлеб,Хлеб и выпечка,137,0.8
2022-02-05,Лаваш,Хлеб и выпечка,68,0.6
2022-02-05,Мороженое,Замороженные продукты,6,1.5
2022-02-05,Пельмени,Замороженные продукты,8,6.0
2022-02-05,Чай,Напитки,29,3.5
2022-02-05,Кофе,Напитки,8,8.0
2022-02-05,Сок,Напитки,10,2.8
2022-02-05,Вода,Напитки,62,0.6
2022-02-05,Говядина,Мясо,7,14.0
2022-02-05,Курица,Мясо,28,7.5
2022-02-05,Колбаса,Мясо,15,9.0
2022-02-05,Баранина,Мясо,10,16.0
2022-02-05,Шоколад,Сладости,28,2.5
2022-02-05,Конфеты,Сладости,15,6.0
2022-02-05,Печенье,Сладости,32,2.2
2022-02-05,Халва,Сладости,7,4.5
2022-02-05,Рис,Бакалея,14,2.8
2022-02-05,Сахар,Бакалея,31,1.5
2022-02-05,Макароны,Бакалея,26,1.3
2022-02-05,Масло подсолнечное,Бакалея,12,3.8
2022-02-06,Молоко,Молочные продукты,47,1.8
2022-02-06,Кефир,Молочные продукты,18,1.6
2022-02-06,Сыр,Молочные продукты,12,12.5
2022-02-06,Йогурт,Молочные продукты,14,1.2
2022-02-06,Яйца,Молочные продукты,28,3.2
2022-02-06,Хлеб,Хлеб и выпечка,126,0.8
2022-02-06,Лаваш,Хлеб и выпечка,76,0.6
2022-02-06,Мороженое,Замороженные продукты,3,1.5
2022-02-06,Пельмени,Замороженные продукты,9,6.0
2022-02-06,Чай,Напитки,25,3.5
2022-02-06,Кофе,Напитки,7,8.0
2022-02-06,Сок,Напитки,18,2.8
2022-02-06,Вода,Напитки,64,0.6
2022-02-06,Говядина,Мясо,13,14.0
2022-02-06,Курица,Мясо,19,7.5
2022-02-06,Колбаса,Мясо,5,9.0
2022-02-06,Баранина,Мясо,6,16.0
2022-02-06,Шоколад,Сладости,38,2.5
2022-02-06,Конфеты,Сладости,20,6.0
2022-02-06,Печенье,Сладости,19,2.2
2022-02-06,Халва,Сладости,14,4.5
2022-02-06,Рис,Бакалея,25,2.8
2022-02-06,Сахар,Бакалея,24,1.5
2022-02-06,Макароны,Бакалея,19,1.3
2022-02-06,Масло подсолнечное,Бакалея,21,3.8
2022-02-07,Молоко,Молочные продукты,34,1.8
2022-02-07,Кефир,Молочные продукты,16,1.6
2022-02-07,Сыр,Молочные продукты,17,12.5
2022-02-07,Йогурт,Молочные продукты,23,1.2
2022-02-07,Яйца,Молочные продукты,19,3.2
2022-02-07,Хлеб,Хлеб и выпечка,119,0.8
2022-02-07,Лаваш,Хлеб и выпечка,62,0.6
2022-02-07,Мороженое,Замороженные продукты,5,1.5
2022-02-07,Пельмени,Замороженные продукты,8,6.0
2022-02-07,Чай,Напитки,17,3.5
2022-02-07,Кофе,Напитки,4,8.0
2022-02-07,Сок,Напитки,15,2.8
2022-02-07,Вода,Напитки,52,0.6
2022-02-07,Говядина,Мясо,15,14.0
2022-02-07,Курица,Мясо,25,7.5
2022-02-07,Колбаса,Мясо,13,9.0
2022-02-07,Баранина,Мясо,4,16.0
2022-02-07,Шоколад,Сладости,28,2.5
2022-02-07,Конфеты,Сладости,17,6.0
2022-02-07,Печенье,Сладости,23,2.2
2022-02-07,Халва,Сладости,4,4.5
2022-02-07,Рис,Бакалея,17,2.8
2022-02-07,Сахар,Бакалея,24,1.5
2022-02-07,Макароны,Бакалея,24,1.3
2022-02-07,Масло подсолнечное,Бакалея,10,3.8
2022-02-08,Молоко,Молочные продукты,33,1.8
2022-02-08,Кефир,Молочные продукты,20,1.6
2022-02-08,Сыр,Молочные продукты,8,12.5
2022-02-08,Йогурт,Молочные продукты,21,1.2
2022-02-08,Яйца,Молочные продукты,31,3.2
2022-02-08,Хлеб,Хлеб и выпечка,115,0.8
2022-02-08,Лаваш,Хлеб и выпечка,66,0.6
2022-02-08,Мороженое,Замороженные продукты,2,1.5
2022-02-08,Пельмени,Замороженные продукты,7,6.0
2022-02-08,Чай,Напитки,17,3.5
2022-02-08,Кофе,Напитки,6,8.0
2022-02-08,Сок,Напитки,18,2.8
2022-02-08,Вода,Напитки,44,0.6
2022-02-08,Говядина,Мясо,10,14.0
2022-02-08,Курица,Мясо,20,7.5
2022-02-08,Колбаса,Мясо,11,9.0
2022-02-08,Баранина,Мясо,6,16.0
2022-02-08,Шоколад,Сладости,27,2.5
2022-02-08,Конфеты,Сладости,18,6.0
2022-02-08,Печенье,Сладости,13,2.2
2022-02-08,Халва,Сладости,3,4.5
2022-02-08,Рис,Бакалея,9,2.8
2022-02-08,Сахар,Бакалея,21,1.5
2022-02-08,Макароны,Бакалея,21,1.3
2022-02-08,Масло подсолнечное,Бакалея,13,3.8
2022-02-09,Молоко,Молочные продукты,37,1.8
2022-02-09,Кефир,Молочные продукты,18,1.6
2022-02-09,Сыр,Молочные продукты,6,12.5
2022-02-09,Йогурт,Молочные продукты,18,1.2
2022-02-09,Яйца,Молочные продукты,20,3.2
2022-02-09,Хлеб,Хлеб и выпечка,117,0.8
2022-02-09,Лаваш,Хлеб и выпечка,51,0.6
2022-02-09,Мороженое,Замороженные продукты,2,1.5
2022-02-09,Пельмени,Замороженные продукты,4,6.0
2022-02-09,Чай,Напитки,22,3.5
2022-02-09,Кофе,Напитки,10,8.0
2022-02-09,Сок,Напитки,17,2.8
2022-02-09,Вода,Напитки,57,0.6
2022-02-09,Говядина,Мясо,12,14.0
2022-02-09,Курица,Мясо,19,7.5
2022-02-09,Колбаса,Мясо,14,9.0
2022-02-09,Баранина,Мясо,4,16.0
2022-02-09,Шоколад,Сладости,35,2.5
2022-02-09,Конфеты,Сладости,14,6.0
2022-02-09,Печенье,Сладости,32,2.2
2022-02-09,Халва,Сладости,8,4.5
2022-02-09,Рис,Бакалея,13,2.8
2022-02-09,Сахар,Бакалея,29,1.5
2022-02-09,Макароны,Бакалея,24,1.3
2022-02-09,Масло подсолнечное,Бакалея,16,3.8
2022-02-10,Молоко,Молочные продукты,29,1.8
2022-02-10,Кефир,Молочные продукты,17,1.6
2022-02-10,Сыр,Молочные продукты,12,12.5
2022-02-10,Йогурт,Молочные продукты,18,1.2
2022-02-10,Яйца,Молочные продукты,19,3.2
2022-02-10,Хлеб,Хлеб и выпечка,116,0.8
2022-02-10,Лаваш,Хлеб и выпечка,73,0.6
2022-02-10,Мороженое,Замороженные продукты,4,1.5
2022-02-10,Пельмени,Замороженные продукты,5,6.0
2022-02-10,Чай,Напитки,32,3.5
2022-02-10,Кофе,Напитки,11,8.0
2022-02-10,Сок,Напитки,13,2.8
2022-02-10,Вода,Напитки,50,0.6
2022-02-10,Говядина,Мясо,7,14.0
2022-02-10,Курица,Мясо,15,7.5
2022-02-10,Колбаса,Мясо,13,9.0
2022-02-10,Баранина,Мясо,7,16.0
2022-02-10,Шоколад,Сладости,38,2.5
2022-02-10,Конфеты,Сладости,12,6.0
2022-02-10,Печенье,Сладости,20,2.2
2022-02-10,Халва,Сладости,9,4.5
2022-02-10,Рис,Бакалея,18,2.8
2022-02-10,Сахар,Бакалея,25,1.5
2022-02-10,Макароны,Бакалея,20,1.3
2022-02-10,Масло подсолнечное,Бакалея,7,3.8
2022-02-11,Молоко,Молочные продукты,52,1.8
2022-02-11,Кефир,Молочные продукты,23,1.6
2022-02-11,Сыр,Молочные продукты,4,12.5
2022-02-11,Йогурт,Молочные продукты,27,1.2
2022-02-11,Яйца,Молочные продукты,28,3.2
2022-02-11,Хлеб,Хлеб и выпечка,107,0.8
2022-02-11,Лаваш,Хлеб и выпечка,63,0.6
2022-02-11,Мороженое,Замороженные продукты,4,1.5
2022-02-11,Пельмени,Замороженные продукты,9,6.0
2022-02-11,Чай,Напитки,12,3.5
2022-02-11,Кофе,Напитки,10,8.0
2022-02-11,Сок,Напитки,25,2.8
2022-02-11,Вода,Напитки,41,0.6
2022-02-11,Говядина,Мясо,15,14.0
2022-02-11,Курица,Мясо,19,7.5
2022-02-11,Колбаса,Мясо,12,9.0
2022-02-11,Баранина,Мясо,9,16.0
2022-02-11,Шоколад,Сладости,32,2.5
2022-02-11,Конфеты,Сладости,14,6.0
2022-02-11,Печенье,Сладости,18,2.2
2022-02-11,Халва,Сладости,6,4.5
2022-02-11,Рис,Бакалея,20,2.8
2022-02-11,Сахар,Бакалея,27,1.5
2022-02-11,Макароны,Бакалея,17,1.3
2022-02-11,Масло подсолнечное,Бакалея,10,3.8
2022-02-12,Молоко,Молочные продукты,56,1.8
2022-02-12,Кефир,Молочные продукты,17,1.6
2022-02-12,Сыр,Молочные продукты,10,12.5
2022-02-12,Йогурт,Молочные продукты,26,1.2
2022-02-12,Яйца,Молочные продукты,42,3.2
2022-02-12,Хлеб,Хлеб и выпечка,126,0.8
2022-02-12,Лаваш,Хлеб и выпечка,66,0.6
2022-02-12,Мороженое,Замороженные продукты,11,1.5
2022-02-12,Пельмени,Замороженные продукты,9,6.0
2022-02-12,Чай,Напитки,22,3.5
2022-02-12,Кофе,Напитки,15,8.0
2022-02-12,Сок,Напитки,23,2.8
2022-02-12,Вода,Напитки,50,0.6
2022-02-12,Говядина,Мясо,12,14.0
2022-02-12,Курица,Мясо,15,7.5
2022-02-12,Колбаса,Мясо,18,9.0
2022-02-12,Баранина,Мясо,9,16.0
2022-02-12,Шоколад,Сладости,36,2.5
2022-02-12,Конфеты,Сладости,16,6.0
2022-02-12,Печенье,Сладости,29,2.2
2022-02-12,Халва,Сладости,13,4.5
2022-02-12,Рис,Бакалея,13,2.8
2022-02-12,Сахар,Бакалея,20,1.5
2022-02-12,Макароны,Бакалея,28,1.3
2022-02-12,Масло подсолнечное,Бакалея,16,3.8
2022-02-13,Молоко,Молочные продукты,38,1.8
2022-02-13,Кефир,Молочные продукты,17,1.6
2022-02-13,Сыр,Молочные продукты,10,12.5
2022-02-13,Йогурт,Молочные продукты,28,1.2
2022-02-13,Яйца,Молочные продукты,22,3.2
2022-02-13,Хлеб,Хлеб и выпечка,120,0.8
2022-02-13,Лаваш,Хлеб и выпечка,64,0.6
2022-02-13,Мороженое,Замороженные продукты,7,1.5
2022-02-13,Пельмени,Замороженные продукты,9,6.0
2022-02-13,Чай,Напитки,26,3.5
2022-02-13,Кофе,Напитки,8,8.0
2022-02-13,Сок,Напитки,20,2.8
2022-02-13,Вода,Напитки,52,0.6
2022-02-13,Говядина,Мясо,11,14.0
2022-02-13,Курица,Мясо,27,7.5
2022-02-13,Колбаса,Мясо,20,9.0
2022-02-13,Баранина,Мясо,6,16.0
2022-02-13,Шоколад,Сладости,37,2.5
2022-02-13,Конфеты,Сладости,20,6.0
2022-02-13,Печенье,Сладости,22,2.2
2022-02-13,Халва,Сладости,6,4.5
2022-02-13,Рис,Бакалея,16,2.8
2022-02-13,Сахар,Бакалея,32,1.5
2022-02-13,Макароны,Бакалея,16,1.3
2022-02-13,Масло подсолнечное,Бакалея,9,3.8
2022-02-14,Молоко,Молочные продукты,30,1.8
2022-02-14,Кефир,Молочные продукты,15,1.6
2022-02-14,Сыр,Молочные продукты,9,12.5
2022-02-14,Йогурт,Молочные продукты,15,1.2
2022-02-14,Яйца,Молочные продукты,33,3.2
2022-02-14,Хлеб,Хлеб и выпечка,106,0.8
2022-02-14,Лаваш,Хлеб и выпечка,53,0.6
2022-02-14,Мороженое,Замороженные продукты,7,1.5
2022-02-14,Пельмени,Замороженные продукты,6,6.0
2022-02-14,Чай,Напитки,19,3.5
2022-02-14,Кофе,Напитки,12,8.0
2022-02-14,Сок,Напитки,17,2.8
2022-02-14,Вода,Напитки,53,0.6
2022-02-14,Говядина,Мясо,11,14.0
2022-02-14,Курица,Мясо,18,7.5
2022-02-14,Колбаса,Мясо,11,9.0
2022-02-14,Баранина,Мясо,8,16.0
2022-02-14,Шоколад,Сладости,31,2.5
2022-02-14,Конфеты,Сладости,13,6.0
2022-02-14,Печенье,Сладости,30,2.2
2022-02-14,Халва,Сладости,10,4.5
2022-02-14,Рис,Бакалея,20,2.8
2022-02-14,Сахар,Бакалея,25,1.5
2022-02-14,Макароны,Бакалея,23,1.3
2022-02-14,Масло подсолнечное,Бакалея,14,3.8
2022-02-15,Молоко,Молочные продукты,40,1.8
2022-02-15,Кефир,Молочные продукты,13,1.6
2022-02-15,Сыр,Молочные продукты,4,12.5
2022-02-15,Йогурт,Молочные продукты,30,1.2
2022-02-15,Яйца,Молочные продукты,17,3.2
2022-02-15,Хлеб,Хлеб и выпечка,124,0.8
2022-02-15,Лаваш,Хлеб и выпечка,53,0.6
2022-02-15,Мороженое,Замороженные продукты,4,1.5
2022-02-15,Пельмени,Замороженные продукты,7,6.0
2022-02-15,Чай,Напитки,26,3.5
2022-02-15,Кофе,Напитки,9,8.0
2022-02-15,Сок,Напитки,27,2.8
2022-02-15,Вода,Напитки,57,0.6
2022-02-15,Говядина,Мясо,11,14.0
2022-02-15,Курица,Мясо,23,7.5
2022-02-15,Колбаса,Мясо,11,9.0
2022-02-15,Баранина,Мясо,3,16.0
2022-02-15,Шоколад,Сладости,35,2.5
2022-02-15,Конфеты,Сладости,22,6.0
2022-02-15,Печенье,Сладости,11,2.2
2022-02-15,Халва,Сладости,7,4.5
2022-02-15,Рис,Бакалея,10,2.8
2022-02-15,Сахар,Бакалея,20,1.5
2022-02-15,Макароны,Бакалея,27,1.3
2022-02-15,Масло подсолнечное,Бакалея,13,3.8
2022-02-16,Молоко,Молочные продукты,44,1.8
2022-02-16,Кефир,Молочные продукты,12,1.6
2022-02-16,Сыр,Молочные продукты,10,12.5
2022-02-16,Йогурт,Молочные продукты,16,1.2
2022-02-16,Яйца,Молочные продукты,21,3.2
2022-02-16,Хлеб,Хлеб и выпечка,110,0.8
2022-02-16,Лаваш,Хлеб и выпечка,55,0.6
2022-02-16,Мороженое,Замороженные продукты,4,1.5
2022-02-16,Пельмени,Замороженные продукты,8,6.0
2022-02-16,Чай,Напитки,26,3.5
2022-02-16,Кофе,Напитки,15,8.0
2022-02-16,Сок,Напитки,19,2.8
2022-02-16,Вода,Напитки,41,0.6
2022-02-16,Говядина,Мясо,9,14.0
2022-02-16,Курица,Мясо,31,7.5
2022-02-16,Колбаса,Мясо,8,9.0
2022-02-16,Баранина,Мясо,7,16.0
2022-02-16,Шоколад,Сладости,26,2.5
2022-02-16,Конфеты,Сладости,10,6.0
2022-02-16,Печенье,Сладости,28,2.2
2022-02-16,Халва,Сладости,10,4.5
2022-02-16,Рис,Бакалея,12,2.8
2022-02-16,Сахар,Бакалея,22,1.5
2022-02-16,Макароны,Бакалея,14,1.3
2022-02-16,Масло подсолнечное,Бакалея,10,3.8
2022-02-17,Молоко,Молочные продукты,33,1.8
2022-02-17,Кефир,Молочные продукты,21,1.6
2022-02-17,Сыр,Молочные продукты,9,12.5
2022-02-17,Йогурт,Молочные продукты,20,1.2
2022-02-17,Яйца,Молочные продукты,25,3.2
2022-02-17,Хлеб,Хлеб и выпечка,112,0.8
2022-02-17,Лаваш,Хлеб и выпечка,44,0.6
2022-02-17,Мороженое,Замороженные продукты,8,1.5
2022-02-17,Пельмени,Замороженные продукты,6,6.0
2022-02-17,Чай,Напитки,31,3.5
2022-02-17,Кофе,Напитки,10,8.0
2022-02-17,Сок,Напитки,13,2.8
2022-02-17,Вода,Напитки,47,0.6
2022-02-17,Говядина,Мясо,10,14.0
2022-02-17,Курица,Мясо,16,7.5
2022-02-17,Колбаса,Мясо,12,9.0
2022-02-17,Баранина,Мясо,4,16.0
2022-02-17,Шоколад,Сладости,24,2.5
2022-02-17,Конфеты,Сладости,15,6.0
2022-02-17,Печенье,Сладости,27,2.2
2022-02-17,Халва,Сладости,9,4.5
2022-02-17,Рис,Бакалея,11,2.8
2022-02-17,Сахар,Бакалея,22,1.5
2022-02-17,Макароны,Бакалея,27,1.3
2022-02-17,Масло подсолнечное,Бакалея,9,3.8
2022-02-18,Молоко,Молочные продукты,33,1.8
2022-02-18,Кефир,Молочные продукты,22,1.6
2022-02-18,Сыр,Молочные продукты,5,12.5
2022-02-18,Йогурт,Молочные продукты,24,1.2
2022-02-18,Яйца,Молочные продукты,32,3.2
2022-02-18,Хлеб,Хлеб и выпечка,104,0.8
2022-02-18,Лаваш,Хлеб и выпечка,61,0.6
2022-02-18,Мороженое,Замороженные продукты,10,1.5
2022-02-18,Пельмени,Замороженные продукты,11,6.0
2022-02-18,Чай,Напитки,23,3.5
2022-02-18,Кофе,Напитки,12,8.0
2022-02-18,Сок,Напитки,18,2.8
2022-02-18,Вода,Напитки,52,0.6
2022-02-18,Говядина,Мясо,11,14.0
2022-02-18,Курица,Мясо,18,7.5
2022-02-18,Колбаса,Мясо,19,9.0
2022-02-18,Баранина,Мясо,8,16.0
2022-02-18,Шоколад,Сладости,25,2.5
2022-02-18,Конфеты,Сладости,24,6.0
2022-02-18,Печенье,Сладости,27,2.2
2022-02-18,Халва,Сладости,9,4.5
2022-02-18,Рис,Бакалея,22,2.8
2022-02-18,Сахар,Бакалея,19,1.5
2022-02-18,Макароны,Бакалея,13,1.3
2022-02-18,Масло подсолнечное,Бакалея,6,3.8
2022-02-19,Молоко,Молочные продукты,53,1.8
2022-02-19,Кефир,Молочные продукты,20,1.6
2022-02-19,Сыр,Молочные продукты,11,12.5
2022-02-19,Йогурт,Молочные продукты,30,1.2
2022-02-19,Яйца,Молочные продукты,34,3.2
2022-02-19,Хлеб,Хлеб и выпечка,112,0.8
2022-02-19,Лаваш,Хлеб и выпечка,61,0.6
2022-02-19,Мороженое,Замороженные продукты,8,1.5
2022-02-19,Пельмени,Замороженные продукты,7,6.0
2022-02-19,Чай,Напитки,20,3.5
2022-02-19,Кофе,Напитки,13,8.0
2022-02-19,Сок,Напитки,24,2.8
2022-02-19,Вода,Напитки,64,0.6
2022-02-19,Говядина,Мясо,13,14.0
2022-02-19,Курица,Мясо,33,7.5
2022-02-19,Колбаса,Мясо,15,9.0
2022-02-19,Баранина,Мясо,9,16.0
2022-02-19,Шоколад,Сладости,30,2.5
2022-02-19,Конфеты,Сладости,13,6.0
2022-02-19,Печенье,Сладости,27,2.2
2022-02-19,Халва,Сладости,12,4.5
2022-02-19,Рис,Бакалея,18,2.8
2022-02-19,Сахар,Бакалея,25,1.5
2022-02-19,Макароны,Бакалея,29,1.3
2022-02-19,Масло подсолнечное,Бакалея,18,3.8
2022-02-20,Молоко,Молочные продукты,42,1.8
2022-02-20,Кефир,Молочные продукты,17,1.6
2022-02-20,Сыр,Молочные продукты,9,12.5
2022-02-20,Йогурт,Молочные продукты,28,1.2
2022-02-20,Яйца,Молочные продукты,25,3.2
2022-02-20,Хлеб,Хлеб и выпечка,124,0.8
2022-02-20,Лаваш,Хлеб и выпечка,49,0.6
2022-02-20,Мороженое,Замороженные продукты,2,1.5
2022-02-20,Пельмени,Замороженные продукты,7,6.0
2022-02-20,Чай,Напитки,33,3.5
2022-02-20,Кофе,Напитки,7,8.0
2022-02-20,Сок,Напитки,21,2.8
2022-02-20,Вода,Напитки,57,0.6
2022-02-20,Говядина,Мясо,13,14.0
2022-02-20,Курица,Мясо,20,7.5
2022-02-20,Колбаса,Мясо,13,9.0
2022-02-20,Баранина,Мясо,7,16.0
2022-02-20,Шоколад,Сладости,35,2.5
2022-02-20,Конфеты,Сладости,14,6.0
2022-02-20,Печенье,Сладости,25,2.2
2022-02-20,Халва,Сладости,9,4.5
2022-02-20,Рис,Бакалея,19,2.8
2022-02-20,Сахар,Бакалея,37,1.5
2022-02-20,Макароны,Бакалея,26,1.3
2022-02-20,Масло подсолнечное,Бакалея,15,3.8
2022-02-21,Молоко,Молочные продукты,43,1.8
2022-02-21,Кефир,Молочные продукты,14,1.6
2022-02-21,Сыр,Молочные продукты,9,12.5
2022-02-21,Йогурт,Молочные продукты,26,1.2
2022-02-21,Яйца,Молочные продукты,32,3.2
2022-02-21,Хлеб,Хлеб и выпечка,114,0.8
2022-02-21,Лаваш,Хлеб и выпечка,49,0.6
2022-02-21,Мороженое,Замороженные продукты,3,1.5
2022-02-21,Пельмени,Замороженные продукты,8,6.0
2022-02-21,Чай,Напитки,20,3.5
2022-02-21,Кофе,Напитки,7,8.0
2022-02-21,Сок,Напитки,13,2.8
2022-02-21,Вода,Напитки,47,0.6
2022-02-21,Говядина,Мясо,11,14.0
2022-02-21,Курица,Мясо,18,7.5
2022-02-21,Колбаса,Мясо,7,9.0
2022-02-21,Баранина,Мясо,7,16.0
2022-02-21,Шоколад,Сладости,30,2.5
2022-02-21,Конфеты,Сладости,14,6.0
2022-02-21,Печенье,Сладости,29,2.2
2022-02-21,Халва,Сладости,8,4.5
2022-02-21,Рис,Бакалея,14,2.8
2022-02-21,Сахар,Бакалея,22,1.5
2022-02-21,Макароны,Бакалея,14,1.3
2022-02-21,Масло подсолнечное,Бакалея,19,3.8
2022-02-22,Молоко,Молочные продукты,38,1.8
2022-02-22,Кефир,Молочные продукты,13,1.6
2022-02-22,Сыр,Молочные продукты,11,12.5
2022-02-22,Йогурт,Молочные продукты,17,1.2
2022-02-22,Яйца,Молочные продукты,24,3.2
2022-02-22,Хлеб,Хлеб и выпечка,116,0.8
2022-02-22,Лаваш,Хлеб и выпечка,59,0.6
2022-02-22,Мороженое,Замороженные продукты,6,1.5
2022-02-22,Пельмени,Замороженные продукты,5,6.0
2022-02-22,Чай,Напитки,17,3.5
2022-02-22,Кофе,Напитки,11,8.0
2022-02-22,Сок,Напитки,17,2.8
2022-02-22,Вода,Напитки,61,0.6
2022-02-22,Говядина,Мясо,3,14.0
2022-02-22,Курица,Мясо,16,7.5
2022-02-22,Колбаса,Мясо,8,9.0
2022-02-22,Баранина,Мясо,4,16.0
2022-02-22,Шоколад,Сладости,25,2.5
2022-02-22,Конфеты,Сладости,15,6.0
2022-02-22,Печенье,Сладости,22,2.2
2022-02-22,Халва,Сладости,11,4.5
2022-02-22,Рис,Бакалея,17,2.8
2022-02-22,Сахар,Бакалея,29,1.5
2022-02-22,Макароны,Бакалея,21,1.3
2022-02-22,Масло подсолнечное,Бакалея,7,3.8
2022-02-23,Молоко,Молочные продукты,36,1.8
2022-02-23,Кефир,Молочные продукты,13,1.6
2022-02-23,Сыр,Молочные продукты,9,12.5
2022-02-23,Йогурт,Молочные продукты,20,1.2
2022-02-23,Яйца,Молочные продукты,24,3.2
2022-02-23,Хлеб,Хлеб и выпечка,107,0.8
2022-02-23,Лаваш,Хлеб и выпечка,63,0.6
2022-02-23,Мороженое,Замороженные продукты,4,1.5
2022-02-23,Пельмени,Замороженные продукты,7,6.0
2022-02-23,Чай,Напитки,21,3.5
2022-02-23,Кофе,Напитки,9,8.0
2022-02-23,Сок,Напитки,15,2.8
2022-02-23,Вода,Напитки,48,0.6
2022-02-23,Говядина,Мясо,5,14.0
2022-02-23,Курица,Мясо,17,7.5
2022-02-23,Колбаса,Мясо,11,9.0
2022-02-23,Баранина,Мясо,4,16.0
2022-02-23,Шоколад,Сладости,27,2.5
2022-02-23,Конфеты,Сладости,10,6.0
2022-02-23,Печенье,Сладости,23,2.2
2022-02-23,Халва,Сладости,5,4.5
2022-02-23,Рис,Бакалея,12,2.8
2022-02-23,Сахар,Бакалея,23,1.5
2022-02-23,Макароны,Бакалея,20,1.3
2022-02-23,Масло подсолнечное,Бакалея,11,3.8
2022-02-24,Молоко,Молочные продукты,48,1.8
2022-02-24,Кефир,Молочные продукты,6,1.6
2022-02-24,Сыр,Молочные продукты,10,12.5
2022-02-24,Йогурт,Молочные продукты,21,1.2
2022-02-24,Яйца,Молочные продукты,28,3.2
2022-02-24,Хлеб,Хлеб и выпечка,99,0.8
2022-02-24,Лаваш,Хлеб и выпечка,60,0.6
2022-02-24,Мороженое,Замороженные продукты,4,1.5
2022-02-24,Пельмени,Замороженные продукты,7,6.0
2022-02-24,Чай,Напитки,20,3.5
2022-02-24,Кофе,Напитки,9,8.0
2022-02-24,Сок,Напитки,14,2.8
2022-02-24,Вода,Напитки,40,0.6
2022-02-24,Говядина,Мясо,2,14.0
2022-02-24,Курица,Мясо,19,7.5
2022-02-24,Колбаса,Мясо,9,9.0
2022-02-24,Баранина,Мясо,7,16.0
2022-02-24,Шоколад,Сладости,37,2.5
2022-02-24,Конфеты,Сладости,16,6.0
2022-02-24,Печенье,Сладости,19,2.2
2022-02-24,Халва,Сладости,7,4.5
2022-02-24,Рис,Бакалея,12,2.8
2022-02-24,Сахар,Бакалея,24,1.5
2022-02-24,Макароны,Бакалея,20,1.3
2022-02-24,Масло подсолнечное,Бакалея,16,3.8
2022-02-25,Молоко,Молочные продукты,38,1.8
2022-02-25,Кефир,Молочные продукты,16,1.6
2022-02-25,Сыр,Молочные продукты,7,12.5
2022-02-25,Йогурт,Молочные продукты,18,1.2
2022-02-25,Яйца,Молочные продукты,33,3.2
2022-02-25,Хлеб,Хлеб и выпечка,96,0.8
2022-02-25,Лаваш,Хлеб и выпечка,64,0.6
2022-02-25,Мороженое,Замороженные продукты,1,1.5
2022-02-25,Пельмени,Замороженные продукты,5,6.0
2022-02-25,Чай,Напитки,22,3.5
2022-02-25,Кофе,Напитки,5,8.0
2022-02-25,Сок,Напитки,10,2.8
2022-02-25,Вода,Напитки,50,0.6
2022-02-25,Говядина,Мясо,14,14.0
2022-02-25,Курица,Мясо,21,7.5
2022-02-25,Колбаса,Мясо,11,9.0
2022-02-25,Баранина,Мясо,4,16.0
2022-02-25,Шоколад,Сладости,40,2.5
2022-02-25,Конфеты,Сладости,11,6.0
2022-02-25,Печенье,Сладости,28,2.2
2022-02-25,Халва,Сладости,15,4.5
2022-02-25,Рис,Бакалея,15,2.8
2022-02-25,Сахар,Бакалея,26,1.5
2022-02-25,Макароны,Бакалея,19,1.3
2022-02-25,Масло подсолнечное,Бакалея,13,3.8
2022-02-26,Молоко,Молочные продукты,50,1.8
2022-02-26,Кефир,Молочные продукты,21,1.6
2022-02-26,Сыр,Молочные продукты,9,12.5
2022-02-26,Йогурт,Молочные продукты,25,1.2
2022-02-26,Яйца,Молочные продукты,28,3.2
2022-02-26,Хлеб,Хлеб и выпечка,147,0.8
2022-02-26,Лаваш,Хлеб и выпечка,66,0.6
2022-02-26,Мороженое,Замороженные продукты,2,1.5
2022-02-26,Пельмени,Замороженные продукты,10,6.0
2022-02-26,Чай,Напитки,23,3.5
2022-02-26,Кофе,Напитки,11,8.0
2022-02-26,Сок,Напитки,15,2.8
2022-02-26,Вода,Напитки,57,0.6
2022-02-26,Говядина,Мясо,17,14.0
2022-02-26,Курица,Мясо,34,7.5
2022-02-26,Колбаса,Мясо,16,9.0
2022-02-26,Баранина,Мясо,5,16.0
2022-02-26,Шоколад,Сладости,31,2.5
2022-02-26,Конфеты,Сладости,14,6.0
2022-02-26,Печенье,Сладости,31,2.2
2022-02-26,Халва,Сладости,14,4.5
2022-02-26,Рис,Бакалея,18,2.8
2022-02-26,Сахар,Бакалея,27,1.5
2022-02-26,Макароны,Бакалея,24,1.3
2022-02-26,Масло подсолнечное,Бакалея,26,3.8
2022-02-27,Молоко,Молочные продукты,42,1.8
2022-02-27,Кефир,Молочные продукты,17,1.6
2022-02-27,Сыр,Молочные продукты,7,12.5
2022-02-27,Йогурт,Молочные продукты,26,1.2
2022-02-27,Яйца,Молочные продукты,35,3.2
2022-02-27,Хлеб,Хлеб и выпечка,135,0.8
2022-02-27,Лаваш,Хлеб и выпечка,46,0.6
2022-02-27,Мороженое,Замороженные продукты,4,1.5
2022-02-27,Пельмени,Замороженные продукты,9,6.0
2022-02-27,Чай,Напитки,20,3.5
2022-02-27,Кофе,Напитки,10,8.0
2022-02-27,Сок,Напитки,14,2.8
2022-02-27,Вода,Напитки,55,0.6
2022-02-27,Говядина,Мясо,8,14.0
2022-02-27,Курица,Мясо,32,7.5
2022-02-27,Колбаса,Мясо,23,9.0
2022-02-27,Баранина,Мясо,5,16.0
2022-02-27,Шоколад,Сладости,31,2.5
2022-02-27,Конфеты,Сладости,16,6.0
2022-02-27,Печенье,Сладости,36,2.2
2022-02-27,Халва,Сладости,15,4.5
2022-02-27,Рис,Бакалея,14,2.8
2022-02-27,Сахар,Бакалея,30,1.5
2022-02-27,Макароны,Бакалея,26,1.3
2022-02-27,Масло подсолнечное,Бакалея,14,3.8
2022-02-28,Молоко,Молочные продукты,32,1.8
2022-02-28,Кефир,Молочные продукты,10,1.6
2022-02-28,Сыр,Молочные продукты,17,12.5
2022-02-28,Йогурт,Молочные продукты,16,1.2
2022-02-28,Яйца,Молочные продукты,24,3.2
2022-02-28,Хлеб,Хлеб и выпечка,102,0.8
2022-02-28,Лаваш,Хлеб и выпечка,41,0.6
2022-02-28,Мороженое,Замороженные продукты,6,1.5
2022-02-28,Пельмени,Замороженные продукты,10,6.0
2022-02-28,Чай,Напитки,23,3.5
2022-02-28,Кофе,Напитки,12,8.0
2022-02-28,Сок,Напитки,15,2.8
2022-02-28,Вода,Напитки,52,0.6
2022-02-28,Говядина,Мясо,16,14.0
2022-02-28,Курица,Мясо,15,7.5
2022-02-28,Колбаса,Мясо,23,9.0
2022-02-28,Баранина,Мясо,6,16.0
2022-02-28,Шоколад,Сладости,31,2.5
2022-02-28,Конфеты,Сладости,19,6.0
2022-02-28,Печенье,Сладости,24,2.2
2022-02-28,Халва,Сладости,5,4.5
2022-02-28,Рис,Бакалея,12,2.8
2022-02-28,Сахар,Бакалея,22,1.5
2022-02-28,Макароны,Бакалея,19,1.3
2022-02-28,Масло подсолнечное,Бакалея,12,3.8
2022-11-01,Молоко,Молочные продукты,39,1.95
2022-11-01,Кефир,Молочные продукты,18,1.75
2022-11-01,Сыр,Молочные продукты,6,13.65
2022-11-01,Йогурт,Молочные продукты,16,1.3
2022-11-01,Яйца,Молочные продукты,32,3.5
2022-11-01,Хлеб,Хлеб и выпечка,124,0.85
2022-11-01,Лаваш,Хлеб и выпечка,65,0.65
2022-11-01,Мороженое,Замороженные продукты,8,1.65
2022-11-01,Пельмени,Замороженные продукты,10,6.55
2022-11-01,Чай,Напитки,16,3.8
2022-11-01,Кофе,Напитки,9,8.7
2022-11-01,Сок,Напитки,22,3.05
2022-11-01,Вода,Напитки,59,0.65
2022-11-01,Говядина,Мясо,12,15.25
2022-11-01,Курица,Мясо,22,8.2
2022-11-01,Колбаса,Мясо,7,9.8
2022-11-01,Баранина,Мясо,4,17.45
2022-11-01,Шоколад,Сладости,37,2.7
2022-11-01,Конфеты,Сладости,5,6.55
2022-11-01,Печенье,Сладости,26,2.4
2022-11-01,Халва,Сладости,10,4.9
2022-11-01,Рис,Бакалея,11,3.05
2022-11-01,Сахар,Бакалея,24,1.65
2022-11-01,Макароны,Бакалея,22,1.4
2022-11-01,Масло подсолнечное,Бакалея,14,4.15
2022-11-02,Молоко,Молочные продукты,36,1.95
2022-11-02,Кефир,Молочные продукты,17,1.75
2022-11-02,Сыр,Молочные продукты,5,13.65
2022-11-02,Йогурт,Молочные продукты,24,1.3
2022-11-02,Яйца,Молочные продукты,24,3.5
2022-11-02,Хлеб,Хлеб и выпечка,121,0.85
2022-11-02,Лаваш,Хлеб и выпечка,59,0.65
2022-11-02,Мороженое,Замороженные продукты,7,1.65
2022-11-02,Пельмени,Замороженные продукты,6,6.55
2022-11-02,Чай,Напитки,16,3.8
2022-11-02,Кофе,Напитки,4,8.7
2022-11-02,Сок,Напитки,12,3.05
2022-11-02,Вода,Напитки,52,0.65
2022-11-02,Говядина,Мясо,11,15.25
2022-11-02,Курица,Мясо,13,8.2
2022-11-02,Колбаса,Мясо,13,9.8
2022-11-02,Баранина,Мясо,6,17.45
2022-11-02,Шоколад,Сладости,40,2.7
2022-11-02,Конфеты,Сладости,16,6.55
2022-11-02,Печенье,Сладости,19,2.4
2022-11-02,Халва,Сладости,6,4.9
2022-11-02,Рис,Бакалея,10,3.05
2022-11-02,Сахар,Бакалея,15,1.65
2022-11-02,Макароны,Бакалея,22,1.4
2022-11-02,Масло подсолнечное,Бакалея,10,4.15
2022-11-03,Молоко,Молочные продукты,40,1.95
2022-11-03,Кефир,Молочные продукты,16,1.75
2022-11-03,Сыр,Молочные продукты,3,13.65
2022-11-03,Йогурт,Молочные продукты,25,1.3
2022-11-03,Яйца,Молочные продукты,23,3.5
2022-11-03,Хлеб,Хлеб и выпечка,104,0.85
2022-11-03,Лаваш,Хлеб и выпечка,46,0.65
2022-11-03,Мороженое,Замороженные продукты,5,1.65
2022-11-03,Пельмени,Замороженные продукты,9,6.55
2022-11-03,Чай,Напитки,20,3.8
2022-11-03,Кофе,Напитки,12,8.7
2022-11-03,Сок,Напитки,18,3.05
2022-11-03,Вода,Напитки,45,0.65
2022-11-03,Говядина,Мясо,11,15.25
2022-11-03,Курица,Мясо,21,8.2
2022-11-03,Колбаса,Мясо,16,9.8
2022-11-03,Баранина,Мясо,6,17.45
2022-11-03,Шоколад,Сладости,36,2.7
2022-11-03,Конфеты,Сладости,12,6.55
2022-11-03,Печенье,Сладости,17,2.4
2022-11-03,Халва,Сладости,8,4.9
2022-11-03,Рис,Бакалея,9,3.05
2022-11-03,Сахар,Бакалея,21,1.65
2022-11-03,Макароны,Бакалея,23,1.4
2022-11-03,Масло подсолнечное,Бакалея,13,4.15
2022-11-04,Молоко,Молочные продукты,30,1.95
2022-11-04,Кефир,Молочные продукты,19,1.75
2022-11-04,Сыр,Молочные продукты,8,13.65
2022-11-04,Йогурт,Молочные продукты,15,1.3
2022-11-04,Яйца,Молочные продукты,24,3.5
2022-11-04,Хлеб,Хлеб и выпечка,119,0.85
2022-11-04,Лаваш,Хлеб и выпечка,54,0.65
2022-11-04,Мороженое,Замороженные продукты,9,1.65
2022-11-04,Пельмени,Замороженные продукты,8,6.55
2022-11-04,Чай,Напитки,14,3.8
2022-11-04,Кофе,Напитки,10,8.7
2022-11-04,Сок,Напитки,13,3.05
2022-11-04,Вода,Напитки,54,0.65
2022-11-04,Говядина,Мясо,14,15.25
2022-11-04,Курица,Мясо,16,8.2
2022-11-04,Колбаса,Мясо,12,9.8
2022-11-04,Баранина,Мясо,6,17.45
2022-11-04,Шоколад,Сладости,28,2.7
2022-11-04,Конфеты,Сладости,18,6.55
2022-11-04,Печенье,Сладости,28,2.4
2022-11-04,Халва,Сладости,9,4.9
2022-11-04,Рис,Бакалея,17,3.05
2022-11-04,Сахар,Бакалея,21,1.65
2022-11-04,Макароны,Бакалея,18,1.4
2022-11-04,Масло подсолнечное,Бакалея,11,4.15
2022-11-05,Молоко,Молочные продукты,39,1.95
2022-11-05,Кефир,Молочные продукты,11,1.75
2022-11-05,Сыр,Молочные продукты,8,13.65
2022-11-05,Йогурт,Молочные продукты,28,1.3
2022-11-05,Яйца,Молочные продукты,28,3.5
2022-11-05,Хлеб,Хлеб и выпечка,144,0.85
2022-11-05,Лаваш,Хлеб и выпечка,72,0.65
2022-11-05,Мороженое,Замороженные продукты,3,1.65
2022-11-05,Пельмени,Замороженные продукты,5,6.55
2022-11-05,Чай,Напитки,31,3.8
2022-11-05,Кофе,Напитки,7,8.7
2022-11-05,Сок,Напитки,22,3.05
2022-11-05,Вода,Напитки,49,0.65
2022-11-05,Говядина,Мясо,7,15.25
2022-11-05,Курица,Мясо,27,8.2
2022-11-05,Колбаса,Мясо,19,9.8
2022-11-05,Баранина,Мясо,3,17.45
2022-11-05,Шоколад,Сладости,36,2.7
2022-11-05,Конфеты,Сладости,9,6.55
2022-11-05,Печенье,Сладости,23,2.4
2022-11-05,Халва,Сладости,7,4.9
2022-11-05,Рис,Бакалея,25,3.05
2022-11-05,Сахар,Бакалея,40,1.65
2022-11-05,Макароны,Бакалея,17,1.4
2022-11-05,Масло подсолнечное,Бакалея,13,4.15
2022-11-06,Молоко,Молочные продукты,52,1.95
2022-11-06,Кефир,Молочные продукты,12,1.75
2022-11-06,Сыр,Молочные продукты,7,13.65
2022-11-06,Йогурт,Молочные продукты,18,1.3
2022-11-06,Яйца,Молочные продукты,34,3.5
2022-11-06,Хлеб,Хлеб и выпечка,137,0.85
2022-11-06,Лаваш,Хлеб и выпечка,64,0.65
2022-11-06,Мороженое,Замороженные продукты,7,1.65
2022-11-06,Пельмени,Замороженные продукты,14,6.55
2022-11-06,Чай,Напитки,28,3.8
2022-11-06,Кофе,Напитки,9,8.7
2022-11-06,Сок,Напитки,9,3.05
2022-11-06,Вода,Напитки,66,0.65
2022-11-06,Говядина,Мясо,13,15.25
2022-11-06,Курица,Мясо,20,8.2
2022-11-06,Колбаса,Мясо,15,9.8
2022-11-06,Баранина,Мясо,8,17.45
2022-11-06,Шоколад,Сладости,32,2.7
2022-11-06,Конфеты,Сладости,14,6.55
2022-11-06,Печенье,Сладости,32,2.4
2022-11-06,Халва,Сладости,11,4.9
2022-11-06,Рис,Бакалея,27,3.05
2022-11-06,Сахар,Бакалея,34,1.65
2022-11-06,Макароны,Бакалея,14,1.4
2022-11-06,Масло подсолнечное,Бакалея,15,4.15
2022-11-07,Молоко,Молочные продукты,39,1.95
2022-11-07,Кефир,Молочные продукты,11,1.75
2022-11-07,Сыр,Молочные продукты,4,13.65
2022-11-07,Йогурт,Молочные продукты,19,1.3
2022-11-07,Яйца,Молочные продукты,31,3.5
2022-11-07,Хлеб,Хлеб и выпечка,122,0.85
2022-11-07,Лаваш,Хлеб и выпечка,64,0.65
2022-11-07,Мороженое,Замороженные продукты,4,1.65
2022-11-07,Пельмени,Замороженные продукты,9,6.55
2022-11-07,Чай,Напитки,19,3.8
2022-11-07,Кофе,Напитки,6,8.7
2022-11-07,Сок,Напитки,15,3.05
2022-11-07,Вода,Напитки,48,0.65
2022-11-07,Говядина,Мясо,11,15.25
2022-11-07,Курица,Мясо,22,8.2
2022-11-07,Колбаса,Мясо,10,9.8
2022-11-07,Баранина,Мясо,6,17.45
2022-11-07,Шоколад,Сладости,38,2.7
2022-11-07,Конфеты,Сладости,20,6.55
2022-11-07,Печенье,Сладости,25,2.4
2022-11-07,Халва,Сладости,8,4.9
2022-11-07,Рис,Бакалея,17,3.05
2022-11-07,Сахар,Бакалея,35,1.65
2022-11-07,Макароны,Бакалея,17,1.4
2022-11-07,Масло подсолнечное,Бакалея,18,4.15
2022-11-08,Молоко,Молочные продукты,29,1.95
2022-11-08,Кефир,Молочные продукты,16,1.75
2022-11-08,Сыр,Молочные продукты,10,13.65
2022-11-08,Йогурт,Молочные продукты,20,1.3
2022-11-08,Яйца,Молочные продукты,23,3.5
2022-11-08,Хлеб,Хлеб и выпечка,114,0.85
2022-11-08,Лаваш,Хлеб и выпечка,64,0.65
2022-11-08,Мороженое,Замороженные продукты,9,1.65
2022-11-08,Пельмени,Замороженные продукты,6,6.55
2022-11-08,Чай,Напитки,20,3.8
2022-11-08,Кофе,Напитки,8,8.7
2022-11-08,Сок,Напитки,19,3.05
2022-11-08,Вода,Напитки,50,0.65
2022-11-08,Говядина,Мясо,12,15.25
2022-11-08,Курица,Мясо,19,8.2
2022-11-08,Колбаса,Мясо,12,9.8
2022-11-08,Баранина,Мясо,14,17.45
2022-11-08,Шоколад,Сладости,30,2.7
2022-11-08,Конфеты,Сладости,16,6.55
2022-11-08,Печенье,Сладости,30,2.4
2022-11-08,Халва,Сладости,5,4.9
2022-11-08,Рис,Бакалея,17,3.05
2022-11-08,Сахар,Бакалея,26,1.65
2022-11-08,Макароны,Бакалея,24,1.4
2022-11-08,Масло подсолнечное,Бакалея,8,4.15
2022-11-09,Молоко,Молочные продукты,43,1.95
2022-11-09,Кефир,Молочные продукты,19,1.75
2022-11-09,Сыр,Молочные продукты,7,13.65
2022-11-09,Йогурт,Молочные продукты,15,1.3
2022-11-09,Яйца,Молочные продукты,31,3.5
2022-11-09,Хлеб,Хлеб и выпечка,113,0.85
2022-11-09,Лаваш,Хлеб и выпечка,51,0.65
2022-11-09,Мороженое,Замороженные продукты,10,1.65
2022-11-09,Пельмени,Замороженные продукты,13,6.55
2022-11-09,Чай,Напитки,25,3.8
2022-11-09,Кофе,Напитки,9,8.7
2022-11-09,Сок,Напитки,20,3.05
2022-11-09,Вода,Напитки,57,0.65
2022-11-09,Говядина,Мясо,10,15.25
2022-11-09,Курица,Мясо,27,8.2
2022-11-09,Колбаса,Мясо,11,9.8
2022-11-09,Баранина,Мясо,6,17.45
2022-11-09,Шоколад,Сладости,29,2.7
2022-11-09,Конфеты,Сладости,10,6.55
2022-11-09,Печенье,Сладости,21,2.4
2022-11-09,Халва,Сладости,9,4.9
2022-11-09,Рис,Бакалея,25,3.05
2022-11-09,Сахар,Бакалея,21,1.65
2022-11-09,Макароны,Бакалея,25,1.4
2022-11-09,Масло подсолнечное,Бакалея,14,4.15
2022-11-10,Молоко,Молочные продукты,32,1.95
2022-11-10,Кефир,Молочные продукты,13,1.75
2022-11-10,Сыр,Молочные продукты,6,13.65
2022-11-10,Йогурт,Молочные продукты,25,1.3
2022-11-10,Яйца,Молочные продукты,24,3.5
2022-11-10,Хлеб,Хлеб и выпечка,102,0.85
2022-11-10,Лаваш,Хлеб и выпечка,50,0.65
2022-11-10,Мороженое,Замороженные продукты,4,1.65
2022-11-10,Пельмени,Замороженные продукты,8,6.55
2022-11-10,Чай,Напитки,15,3.8
2022-11-10,Кофе,Напитки,11,8.7
2022-11-10,Сок,Напитки,20,3.05
2022-11-10,Вода,Напитки,49,0.65
2022-11-10,Говядина,Мясо,7,15.25
2022-11-10,Курица,Мясо,18,8.2
2022-11-10,Колбаса,Мясо,13,9.8
2022-11-10,Баранина,Мясо,2,17.45
2022-11-10,Шоколад,Сладости,31,2.7
2022-11-10,Конфеты,Сладости,14,6.55
2022-11-10,Печенье,Сладости,13,2.4
2022-11-10,Халва,Сладости,7,4.9
2022-11-10,Рис,Бакалея,17,3.05
2022-11-10,Сахар,Бакалея,25,1.65
2022-11-10,Макароны,Бакалея,20,1.4
2022-11-10,Масло подсолнечное,Бакалея,11,4.15
2022-11-11,Молоко,Молочные продукты,33,1.95
2022-11-11,Кефир,Молочные продукты,20,1.75
2022-11-11,Сыр,Молочные продукты,8,13.65
2022-11-11,Йогурт,Молочные продукты,26,1.3
2022-11-11,Яйца,Молочные продукты,18,3.5
2022-11-11,Хлеб,Хлеб и выпечка,102,0.85
2022-11-11,Лаваш,Хлеб и выпечка,51,0.65
2022-11-11,Мороженое,Замороженные продукты,7,1.65
2022-11-11,Пельмени,Замороженные продукты,6,6.55
2022-11-11,Чай,Напитки,23,3.8
2022-11-11,Кофе,Напитки,13,8.7
2022-11-11,Сок,Напитки,13,3.05
2022-11-11,Вода,Напитки,41,0.65
2022-11-11,Говядина,Мясо,13,15.25
2022-11-11,Курица,Мясо,18,8.2
2022-11-11,Колбаса,Мясо,8,9.8
2022-11-11,Баранина,Мясо,5,17.45
2022-11-11,Шоколад,Сладости,25,2.7
2022-11-11,Конфеты,Сладости,11,6.55
2022-11-11,Печенье,Сладости,19,2.4
2022-11-11,Халва,Сладости,8,4.9
2022-11-11,Рис,Бакалея,14,3.05
2022-11-11,Сахар,Бакалея,29,1.65
2022-11-11,Макароны,Бакалея,20,1.4
2022-11-11,Масло подсолнечное,Бакалея,14,4.15
2022-11-12,Молоко,Молочные продукты,41,1.95
2022-11-12,Кефир,Молочные продукты,25,1.75
2022-11-12,Сыр,Молочные продукты,9,13.65
2022-11-12,Йогурт,Молочные продукты,27,1.3
2022-11-12,Яйца,Молочные продукты,34,3.5
2022-11-12,Хлеб,Хлеб и выпечка,161,0.85
2022-11-12,Лаваш,Хлеб и выпечка,72,0.65
2022-11-12,Мороженое,Замороженные продукты,9,1.65
2022-11-12,Пельмени,Замороженные продукты,7,6.55
2022-11-12,Чай,Напитки,24,3.8
2022-11-12,Кофе,Напитки,12,8.7
2022-11-12,Сок,Напитки,19,3.05
2022-11-12,Вода,Напитки,50,0.65
2022-11-12,Говядина,Мясо,16,15.25
2022-11-12,Курица,Мясо,40,8.2
2022-11-12,Колбаса,Мясо,21,9.8
2022-11-12,Баранина,Мясо,8,17.45
2022-11-12,Шоколад,Сладости,30,2.7
2022-11-12,Конфеты,Сладости,22,6.55
2022-11-12,Печенье,Сладости,30,2.4
2022-11-12,Халва,Сладости,15,4.9
2022-11-12,Рис,Бакалея,23,3.05
2022-11-12,Сахар,Бакалея,40,1.65
2022-11-12,Макароны,Бакалея,25,1.4
2022-11-12,Масло подсолнечное,Бакалея,19,4.15
2022-11-13,Молоко,Молочные продукты,56,1.95
2022-11-13,Кефир,Молочные продукты,18,1.75
2022-11-13,Сыр,Молочные продукты,6,13.65
2022-11-13,Йогурт,Молочные продукты,15,1.3
2022-11-13,Яйца,Молочные продукты,25,3.5
2022-11-13,Хлеб,Хлеб и выпечка,120,0.85
2022-11-13,Лаваш,Хлеб и выпечка,58,0.65
2022-11-13,Мороженое,Замороженные продукты,12,1.65
2022-11-13,Пельмени,Замороженные продукты,6,6.55
2022-11-13,Чай,Напитки,22,3.8
2022-11-13,Кофе,Напитки,18,8.7
2022-11-13,Сок,Напитки,21,3.05
2022-11-13,Вода,Напитки,47,0.65
2022-11-13,Говядина,Мясо,5,15.25
2022-11-13,Курица,Мясо,24,8.2
2022-11-13,Колбаса,Мясо,8,9.8
2022-11-13,Баранина,Мясо,5,17.45
2022-11-13,Шоколад,Сладости,26,2.7
2022-11-13,Конфеты,Сладости,14,6.55
2022-11-13,Печенье,Сладости,21,2.4
2022-11-13,Халва,Сладости,9,4.9
2022-11-13,Рис,Бакалея,13,3.05
2022-11-13,Сахар,Бакалея,26,1.65
2022-11-13,Макароны,Бакалея,33,1.4
2022-11-13,Масло подсолнечное,Бакалея,15,4.15
2022-11-14,Молоко,Молочные продукты,33,1.95
2022-11-14,Кефир,Молочные продукты,8,1.75
2022-11-14,Сыр,Молочные продукты,11,13.65
2022-11-14,Йогурт,Молочные продукты,22,1.3
2022-11-14,Яйца,Молочные продукты,19,3.5
2022-11-14,Хлеб,Хлеб и выпечка,104,0.85
2022-11-14,Лаваш,Хлеб и выпечка,52,0.65
2022-11-14,Мороженое,Замороженные продукты,7,1.65
2022-11-14,Пельмени,Замороженные продукты,14,6.55
2022-11-14,Чай,Напитки,20,3.8
2022-11-14,Кофе,Напитки,9,8.7
2022-11-14,Сок,Напитки,16,3.05
2022-11-14,Вода,Напитки,52,0.65
2022-11-14,Говядина,Мясо,10,15.25
2022-11-14,Курица,Мясо,17,8.2
2022-11-14,Колбаса,Мясо,10,9.8
2022-11-14,Баранина,Мясо,5,17.45
2022-11-14,Шоколад,Сладости,24,2.7
2022-11-14,Конфеты,Сладости,13,6.55
2022-11-14,Печенье,Сладости,27,2.4
2022-11-14,Халва,Сладости,11,4.9
2022-11-14,Рис,Бакалея,19,3.05
2022-11-14,Сахар,Бакалея,25,1.65
2022-11-14,Макароны,Бакалея,17,1.4
2022-11-14,Масло подсолнечное,Бакалея,16,4.15
2022-11-15,Молоко,Молочные продукты,38,1.95
2022-11-15,Кефир,Молочные продукты,9,1.75
2022-11-15,Сыр,Молочные продукты,9,13.65
2022-11-15,Йогурт,Молочные продукты,24,1.3
2022-11-15,Яйца,Молочные продукты,26,3.5
2022-11-15,Хлеб,Хлеб и выпечка,106,0.85
2022-11-15,Лаваш,Хлеб и выпечка,49,0.65
2022-11-15,Мороженое,Замороженные продукты,8,1.65
2022-11-15,Пельмени,Замороженные продукты,7,6.55
2022-11-15,Чай,Напитки,21,3.8
2022-11-15,Кофе,Напитки,10,8.7
2022-11-15,Сок,Напитки,23,3.05
2022-11-15,Вода,Напитки,41,0.65
2022-11-15,Говядина,Мясо,14,15.25
2022-11-15,Курица,Мясо,14,8.2
2022-11-15,Колбаса,Мясо,12,9.8
2022-11-15,Баранина,Мясо,7,17.45
2022-11-15,Шоколад,Сладости,22,2.7
2022-11-15,Конфеты,Сладости,19,6.55
2022-11-15,Печенье,Сладости,27,2.4
2022-11-15,Халва,Сладости,6,4.9
2022-11-15,Рис,Бакалея,14,3.05
2022-11-15,Сахар,Бакалея,26,1.65
2022-11-15,Макароны,Бакалея,22,1.4
2022-11-15,Масло подсолнечное,Бакалея,8,4.15
2022-11-16,Молоко,Молочные продукты,35,1.95
2022-11-16,Кефир,Молочные продукты,15,1.75
2022-11-16,Сыр,Молочные продукты,6,13.65
2022-11-16,Йогурт,Молочные продукты,15,1.3
2022-11-16,Яйца,Молочные продукты,33,3.5
2022-11-16,Хлеб,Хлеб и выпечка,115,0.85
2022-11-16,Лаваш,Хлеб и выпечка,63,0.65
2022-11-16,Мороженое,Замороженные продукты,5,1.65
2022-11-16,Пельмени,Замороженные продукты,6,6.55
2022-11-16,Чай,Напитки,30,3.8
2022-11-16,Кофе,Напитки,15,8.7
2022-11-16,Сок,Напитки,16,3.05
2022-11-16,Вода,Напитки,46,0.65
2022-11-16,Говядина,Мясо,12,15.25
2022-11-16,Курица,Мясо,27,8.2
2022-11-16,Колбаса,Мясо,18,9.8
2022-11-16,Баранина,Мясо,4,17.45
2022-11-16,Шоколад,Сладости,31,2.7
2022-11-16,Конфеты,Сладости,14,6.55
2022-11-16,Печенье,Сладости,26,2.4
2022-11-16,Халва,Сладости,6,4.9
2022-11-16,Рис,Бакалея,16,3.05
2022-11-16,Сахар,Бакалея,35,1.65
2022-11-16,Макароны,Бакалея,20,1.4
2022-11-16,Масло подсолнечное,Бакалея,9,4.15
2022-11-17,Молоко,Молочные продукты,50,1.95
2022-11-17,Кефир,Молочные продукты,19,1.75
2022-11-17,Сыр,Молочные продукты,6,13.65
2022-11-17,Йогурт,Молочные продукты,23,1.3
2022-11-17,Яйца,Молочные продукты,35,3.5
2022-11-17,Хлеб,Хлеб и выпечка,131,0.85
2022-11-17,Лаваш,Хлеб и выпечка,54,0.65
2022-11-17,Мороженое,Замороженные продукты,2,1.65
2022-11-17,Пельмени,Замороженные продукты,10,6.55
2022-11-17,Чай,Напитки,24,3.8
2022-11-17,Кофе,Напитки,9,8.7
2022-11-17,Сок,Напитки,17,3.05
2022-11-17,Вода,Напитки,41,0.65
2022-11-17,Говядина,Мясо,12,15.25
2022-11-17,Курица,Мясо,19,8.2
2022-11-17,Колбаса,Мясо,7,9.8
2022-11-17,Баранина,Мясо,4,17.45
2022-11-17,Шоколад,Сладости,38,2.7
2022-11-17,Конфеты,Сладости,15,6.55
2022-11-17,Печенье,Сладости,21,2.4
2022-11-17,Халва,Сладости,10,4.9
2022-11-17,Рис,Бакалея,14,3.05
2022-11-17,Сахар,Бакалея,29,1.65
2022-11-17,Макароны,Бакалея,23,1.4
2022-11-17,Масло подсолнечное,Бакалея,9,4.15
2022-11-18,Молоко,Молочные продукты,40,1.95
2022-11-18,Кефир,Молочные продукты,13,1.75
2022-11-18,Сыр,Молочные продукты,5,13.65
2022-11-18,Йогурт,Молочные продукты,24,1.3
2022-11-18,Яйца,Молочные продукты,26,3.5
2022-11-18,Хлеб,Хлеб и выпечка,99,0.85
2022-11-18,Лаваш,Хлеб и выпечка,49,0.65
2022-11-18,Мороженое,Замороженные продукты,4,1.65
2022-11-18,Пельмени,Замороженные продукты,10,6.55
2022-11-18,Чай,Напитки,17,3.8
2022-11-18,Кофе,Напитки,6,8.7
2022-11-18,Сок,Напитки,19,3.05
2022-11-18,Вода,Напитки,52,0.65
2022-11-18,Говядина,Мясо,7,15.25
2022-11-18,Курица,Мясо,19,8.2
2022-11-18,Колбаса,Мясо,8,9.8
2022-11-18,Баранина,Мясо,7,17.45
2022-11-18,Шоколад,Сладости,30,2.7
2022-11-18,Конфеты,Сладости,15,6.55
2022-11-18,Печенье,Сладости,24,2.4
2022-11-18,Халва,Сладости,8,4.9
2022-11-18,Рис,Бакалея,9,3.05
2022-11-18,Сахар,Бакалея,23,1.65
2022-11-18,Макароны,Бакалея,20,1.4
2022-11-18,Масло подсолнечное,Бакалея,15,4.15
2022-11-19,Молоко,Молочные продукты,45,1.95
2022-11-19,Кефир,Молочные продукты,16,1.75
2022-11-19,Сыр,Молочные продукты,9,13.65
2022-11-19,Йогурт,Молочные продукты,21,1.3
2022-11-19,Яйца,Молочные продукты,28,3.5
2022-11-19,Хлеб,Хлеб и выпечка,123,0.85
2022-11-19,Лаваш,Хлеб и выпечка,64,0.65
2022-11-19,Мороженое,Замороженные продукты,12,1.65
2022-11-19,Пельмени,Замороженные продукты,5,6.55
2022-11-19,Чай,Напитки,21,3.8
2022-11-19,Кофе,Напитки,13,8.7
2022-11-19,Сок,Напитки,12,3.05
2022-11-19,Вода,Напитки,55,0.65
2022-11-19,Говядина,Мясо,16,15.25
2022-11-19,Курица,Мясо,20,8.2
2022-11-19,Колбаса,Мясо,10,9.8
2022-11-19,Баранина,Мясо,6,17.45
2022-11-19,Шоколад,Сладости,33,2.7
2022-11-19,Конфеты,Сладости,14,6.55
2022-11-19,Печенье,Сладости,20,2.4
2022-11-19,Халва,Сладости,15,4.9
2022-11-19,Рис,Бакалея,13,3.05
2022-11-19,Сахар,Бакалея,28,1.65
2022-11-19,Макароны,Бакалея,26,1.4
2022-11-19,Масло подсолнечное,Бакалея,12,4.15
2022-11-20,Молоко,Молочные продукты,39,1.95
2022-11-20,Кефир,Молочные продукты,14,1.75
2022-11-20,Сыр,Молочные продукты,11,13.65
2022-11-20,Йогурт,Молочные продукты,26,1.3
2022-11-20,Яйца,Молочные продукты,28,3.5
2022-11-20,Хлеб,Хлеб и выпечка,124,0.85
2022-11-20,Лаваш,Хлеб и выпечка,65,0.65
2022-11-20,Мороженое,Замороженные продукты,6,1.65
2022-11-20,Пельмени,Замороженные продукты,3,6.55
2022-11-20,Чай,Напитки,31,3.8
2022-11-20,Кофе,Напитки,9,8.7
2022-11-20,Сок,Напитки,14,3.05
2022-11-20,Вода,Напитки,59,0.65
2022-11-20,Говядина,Мясо,18,15.25
2022-11-20,Курица,Мясо,25,8.2
2022-11-20,Колбаса,Мясо,14,9.8
2022-11-20,Баранина,Мясо,8,17.45
2022-11-20,Шоколад,Сладости,32,2.7
2022-11-20,Конфеты,Сладости,13,6.55
2022-11-20,Печенье,Сладости,23,2.4
2022-11-20,Халва,Сладости,13,4.9
2022-11-20,Рис,Бакалея,23,3.05
2022-11-20,Сахар,Бакалея,33,1.65
2022-11-20,Макароны,Бакалея,24,1.4
2022-11-20,Масло подсолнечное,Бакалея,14,4.15
2022-11-21,Молоко,Молочные продукты,36,1.95
2022-11-21,Кефир,Молочные продукты,12,1.75
2022-11-21,Сыр,Молочные продукты,8,13.65
2022-11-21,Йогурт,Молочные продукты,18,1.3
2022-11-21,Яйца,Молочные продукты,26,3.5
2022-11-21,Хлеб,Хлеб и выпечка,108,0.85
2022-11-21,Лаваш,Хлеб и выпечка,50,0.65
2022-11-21,Мороженое,Замороженные продукты,6,1.65
2022-11-21,Пельмени,Замороженные продукты,7,6.55
2022-11-21,Чай,Напитки,21,3.8
2022-11-21,Кофе,Напитки,5,8.7
2022-11-21,Сок,Напитки,18,3.05
2022-11-21,Вода,Напитки,41,0.65
2022-11-21,Говядина,Мясо,11,15.25
2022-11-21,Курица,Мясо,20,8.2
2022-11-21,Колбаса,Мясо,12,9.8
2022-11-21,Баранина,Мясо,8,17.45
2022-11-21,Шоколад,Сладости,33,2.7
2022-11-21,Конфеты,Сладости,11,6.55
2022-11-21,Печенье,Сладости,27,2.4
2022-11-21,Халва,Сладости,2,4.9
2022-11-21,Рис,Бакалея,8,3.05
2022-11-21,Сахар,Бакалея,16,1.65
2022-11-21,Макароны,Бакалея,22,1.4
2022-11-21,Масло подсолнечное,Бакалея,17,4.15
2022-11-22,Молоко,Молочные продукты,43,1.95
2022-11-22,Кефир,Молочные продукты,16,1.75
2022-11-22,Сыр,Молочные продукты,4,13.65
2022-11-22,Йогурт,Молочные продукты,15,1.3
2022-11-22,Яйца,Молочные продукты,32,3.5
2022-11-22,Хлеб,Хлеб и выпечка,108,0.85
2022-11-22,Лаваш,Хлеб и выпечка,38,0.65
2022-11-22,Мороженое,Замороженные продукты,11,1.65
2022-11-22,Пельмени,Замороженные продукты,10,6.55
2022-11-22,Чай,Напитки,18,3.8
2022-11-22,Кофе,Напитки,8,8.7
2022-11-22,Сок,Напитки,11,3.05
2022-11-22,Вода,Напитки,61,0.65
2022-11-22,Говядина,Мясо,9,15.25
2022-11-22,Курица,Мясо,19,8.2
2022-11-22,Колбаса,Мясо,9,9.8
2022-11-22,Баранина,Мясо,5,17.45
2022-11-22,Шоколад,Сладости,30,2.7
2022-11-22,Конфеты,Сладости,12,6.55
2022-11-22,Печенье,Сладости,27,2.4
2022-11-22,Халва,Сладости,9,4.9
2022-11-22,Рис,Бакалея,11,3.05
2022-11-22,Сахар,Бакалея,23,1.65
2022-11-22,Макароны,Бакалея,14,1.4
2022-11-22,Масло подсолнечное,Бакалея,13,4.15
2022-11-23,Молоко,Молочные продукты,29,1.95
2022-11-23,Кефир,Молочные продукты,11,1.75
2022-11-23,Сыр,Молочные продукты,10,13.65
2022-11-23,Йогурт,Молочные продукты,26,1.3
2022-11-23,Яйца,Молочные продукты,27,3.5
2022-11-23,Хлеб,Хлеб и выпечка,96,0.85
2022-11-23,Лаваш,Хлеб и выпечка,48,0.65
2022-11-23,Мороженое,Замороженные продукты,11,1.65
2022-11-23,Пельмени,Замороженные продукты,10,6.55
2022-11-23,Чай,Напитки,21,3.8
2022-11-23,Кофе,Напитки,12,8.7
2022-11-23,Сок,Напитки,19,3.05
2022-11-23,Вода,Напитки,56,0.65
2022-11-23,Говядина,Мясо,8,15.25
2022-11-23,Курица,Мясо,23,8.2
2022-11-23,Колбаса,Мясо,8,9.8
2022-11-23,Баранина,Мясо,2,17.45
2022-11-23,Шоколад,Сладости,28,2.7
2022-11-23,Конфеты,Сладости,16,6.55
2022-11-23,Печенье,Сладости,22,2.4
2022-11-23,Халва,Сладости,9,4.9
2022-11-23,Рис,Бакалея,13,3.05
2022-11-23,Сахар,Бакалея,27,1.65
2022-11-23,Макароны,Бакалея,28,1.4
2022-11-23,Масло подсолнечное,Бакалея,14,4.15
2022-11-24,Молоко,Молочные продукты,40,1.95
2022-11-24,Кефир,Молочные продукты,10,1.75
2022-11-24,Сыр,Молочные продукты,6,13.65
2022-11-24,Йогурт,Молочные продукты,19,1.3
2022-11-24,Яйца,Молочные продукты,28,3.5
2022-11-24,Хлеб,Хлеб и выпечка,107,0.85
2022-11-24,Лаваш,Хлеб и выпечка,56,0.65
2022-11-24,Мороженое,Замороженные продукты,12,1.65
2022-11-24,Пельмени,Замороженные продукты,4,6.55
2022-11-24,Чай,Напитки,24,3.8
2022-11-24,Кофе,Напитки,9,8.7
2022-11-24,Сок,Напитки,16,3.05
2022-11-24,Вода,Напитки,59,0.65
2022-11-24,Говядина,Мясо,10,15.25
2022-11-24,Курица,Мясо,14,8.2
2022-11-24,Колбаса,Мясо,9,9.8
2022-11-24,Баранина,Мясо,4,17.45
2022-11-24,Шоколад,Сладости,27,2.7
2022-11-24,Конфеты,Сладости,22,6.55
2022-11-24,Печенье,Сладости,27,2.4
2022-11-24,Халва,Сладости,9,4.9
2022-11-24,Рис,Бакалея,13,3.05
2022-11-24,Сахар,Бакалея,19,1.65
2022-11-24,Макароны,Бакалея,19,1.4
2022-11-24,Масло подсолнечное,Бакалея,18,4.15
2022-11-25,Молоко,Молочные продукты,44,1.95
2022-11-25,Кефир,Молочные продукты,21,1.75
2022-11-25,Сыр,Молочные продукты,12,13.65
2022-11-25,Йогурт,Молочные продукты,21,1.3
2022-11-25,Яйца,Молочные продукты,25,3.5
2022-11-25,Хлеб,Хлеб и выпечка,103,0.85
2022-11-25,Лаваш,Хлеб и выпечка,63,0.65
2022-11-25,Мороженое,Замороженные продукты,9,1.65
2022-11-25,Пельмени,Замороженные продукты,6,6.55
2022-11-25,Чай,Напитки,16,3.8
2022-11-25,Кофе,Напитки,5,8.7
2022-11-25,Сок,Напитки,18,3.05
2022-11-25,Вода,Напитки,47,0.65
2022-11-25,Говядина,Мясо,9,15.25
2022-11-25,Курица,Мясо,27,8.2
2022-11-25,Колбаса,Мясо,17,9.8
2022-11-25,Баранина,Мясо,4,17.45
2022-11-25,Шоколад,Сладости,31,2.7
2022-11-25,Конфеты,Сладости,23,6.55
2022-11-25,Печенье,Сладости,24,2.4
2022-11-25,Халва,Сладости,8,4.9
2022-11-25,Рис,Бакалея,11,3.05
2022-11-25,Сахар,Бакалея,20,1.65
2022-11-25,Макароны,Бакалея,20,1.4
2022-11-25,Масло подсолнечное,Бакалея,14,4.15
2022-11-26,Молоко,Молочные продукты,56,1.95
2022-11-26,Кефир,Молочные продукты,18,1.75
2022-11-26,Сыр,Молочные продукты,10,13.65
2022-11-26,Йогурт,Молочные продукты,23,1.3
2022-11-26,Яйца,Молочные продукты,41,3.5
2022-11-26,Хлеб,Хлеб и выпечка,111,0.85
2022-11-26,Лаваш,Хлеб и выпечка,79,0.65
2022-11-26,Мороженое,Замороженные продукты,5,1.65
2022-11-26,Пельмени,Замороженные продукты,6,6.55
2022-11-26,Чай,Напитки,18,3.8
2022-11-26,Кофе,Напитки,10,8.7
2022-11-26,Сок,Напитки,23,3.05
2022-11-26,Вода,Напитки,53,0.65
2022-11-26,Говядина,Мясо,12,15.25
2022-11-26,Курица,Мясо,18,8.2
2022-11-26,Колбаса,Мясо,12,9.8
2022-11-26,Баранина,Мясо,7,17.45
2022-11-26,Шоколад,Сладости,31,2.7
2022-11-26,Конфеты,Сладости,19,6.55
2022-11-26,Печенье,Сладости,29,2.4
2022-11-26,Халва,Сладости,14,4.9
2022-11-26,Рис,Бакалея,21,3.05
2022-11-26,Сахар,Бакалея,34,1.65
2022-11-26,Макароны,Бакалея,22,1.4
2022-11-26,Масло подсолнечное,Бакалея,9,4.15
2022-11-27,Молоко,Молочные продукты,47,1.95
2022-11-27,Кефир,Молочные продукты,18,1.75
2022-11-27,Сыр,Молочные продукты,12,13.65
2022-11-27,Йогурт,Молочные продукты,19,1.3
2022-11-27,Яйца,Молочные продукты,30,3.5
2022-11-27,Хлеб,Хлеб и выпечка,127,0.85
2022-11-27,Лаваш,Хлеб и выпечка,62,0.65
2022-11-27,Мороженое,Замороженные продукты,7,1.65
2022-11-27,Пельмени,Замороженные продукты,9,6.55
2022-11-27,Чай,Напитки,21,3.8
2022-11-27,Кофе,Напитки,13,8.7
2022-11-27,Сок,Напитки,25,3.05
2022-11-27,Вода,Напитки,57,0.65
2022-11-27,Говядина,Мясо,18,15.25
2022-11-27,Курица,Мясо,21,8.2
2022-11-27,Колбаса,Мясо,17,9.8
2022-11-27,Баранина,Мясо,13,17.45
2022-11-27,Шоколад,Сладости,35,2.7
2022-11-27,Конфеты,Сладости,23,6.55
2022-11-27,Печенье,Сладости,32,2.4
2022-11-27,Халва,Сладости,10,4.9
2022-11-27,Рис,Бакалея,14,3.05
2022-11-27,Сахар,Бакалея,40,1.65
2022-11-27,Макароны,Бакалея,23,1.4
2022-11-27,Масло подсолнечное,Бакалея,13,4.15
2022-11-28,Молоко,Молочные продукты,35,1.95
2022-11-28,Кефир,Молочные продукты,10,1.75
2022-11-28,Сыр,Молочные продукты,7,13.65
2022-11-28,Йогурт,Молочные продукты,24,1.3
2022-11-28,Яйца,Молочные продукты,21,3.5
2022-11-28,Хлеб,Хлеб и выпечка,109,0.85
2022-11-28,Лаваш,Хлеб и выпечка,74,0.65
2022-11-28,Мороженое,Замороженные продукты,4,1.65
2022-11-28,Пельмени,Замороженные продукты,13,6.55
2022-11-28,Чай,Напитки,28,3.8
2022-11-28,Кофе,Напитки,10,8.7
2022-11-28,Сок,Напитки,18,3.05
2022-11-28,Вода,Напитки,52,0.65
2022-11-28,Говядина,Мясо,12,15.25
2022-11-28,Курица,Мясо,13,8.2
2022-11-28,Колбаса,Мясо,15,9.8
2022-11-28,Баранина,Мясо,6,17.45
2022-11-28,Шоколад,Сладости,41,2.7
2022-11-28,Конфеты,Сладости,17,6.55
2022-11-28,Печенье,Сладости,20,2.4
2022-11-28,Халва,Сладости,3,4.9
2022-11-28,Рис,Бакалея,13,3.05
2022-11-28,Сахар,Бакалея,32,1.65
2022-11-28,Макароны,Бакалея,19,1.4
2022-11-28,Масло подсолнечное,Бакалея,10,4.15
2022-11-29,Молоко,Молочные продукты,33,1.95
2022-11-29,Кефир,Молочные продукты,19,1.75
2022-11-29,Сыр,Молочные продукты,4,13.65
2022-11-29,Йогурт,Молочные продукты,20,1.3
2022-11-29,Яйца,Молочные продукты,28,3.5
2022-11-29,Хлеб,Хлеб и выпечка,106,0.85
2022-11-29,Лаваш,Хлеб и выпечка,53,0.65
2022-11-29,Мороженое,Замороженные продукты,7,1.65
2022-11-29,Пельмени,Замороженные продукты,7,6.55
2022-11-29,Чай,Напитки,26,3.8
2022-11-29,Кофе,Напитки,12,8.7
2022-11-29,Сок,Напитки,18,3.05
2022-11-29,Вода,Напитки,52,0.65
2022-11-29,Говядина,Мясо,13,15.25
2022-11-29,Курица,Мясо,17,8.2
2022-11-29,Колбаса,Мясо,10,9.8
2022-11-29,Баранина,Мясо,7,17.45
2022-11-29,Шоколад,Сладости,22,2.7
2022-11-29,Конфеты,Сладости,22,6.55
2022-11-29,Печенье,Сладости,27,2.4
2022-11-29,Халва,Сладости,4,4.9
2022-11-29,Рис,Бакалея,20,3.05
2022-11-29,Сахар,Бакалея,29,1.65
2022-11-29,Макароны,Бакалея,18,1.4
2022-11-29,Масло подсолнечное,Бакалея,14,4.15
2022-11-30,Молоко,Молочные продукты,52,1.95
2022-11-30,Кефир,Молочные продукты,12,1.75
2022-11-30,Сыр,Молочные продукты,8,13.65
2022-11-30,Йогурт,Молочные продукты,21,1.3
2022-11-30,Яйца,Молочные продукты,26,3.5
2022-11-30,Хлеб,Хлеб и выпечка,111,0.85
2022-11-30,Лаваш,Хлеб и выпечка,40,0.65
2022-11-30,Мороженое,Замороженные продукты,7,1.65
2022-11-30,Пельмени,Замороженные продукты,8,6.55
2022-11-30,Чай,Напитки,21,3.8
2022-11-30,Кофе,Напитки,6,8.7
2022-11-30,Сок,Напитки,11,3.05
2022-11-30,Вода,Напитки,46,0.65
2022-11-30,Говядина,Мясо,10,15.25
2022-11-30,Курица,Мясо,24,8.2
2022-11-30,Колбаса,Мясо,13,9.8
2022-11-30,Баранина,Мясо,5,17.45
2022-11-30,Шоколад,Сладости,31,2.7
2022-11-30,Конфеты,Сладости,12,6.55
2022-11-30,Печенье,Сладости,33,2.4
2022-11-30,Халва,Сладости,5,4.9
2022-11-30,Рис,Бакалея,11,3.05
2022-11-30,Сахар,Бакалея,27,1.65
2022-11-30,Макароны,Бакалея,21,1.4
2022-11-30,Масло подсолнечное,Бакалея,10,4.15
2022-12-01,Молоко,Молочные продукты,38,2.0
2022-12-01,Кефир,Молочные продукты,10,1.75
2022-12-01,Сыр,Молочные продукты,7,13.75
2022-12-01,Йогурт,Молочные продукты,12,1.3
2022-12-01,Яйца,Молочные продукты,27,3.5
2022-12-01,Хлеб,Хлеб и выпечка,111,0.9
2022-12-01,Лаваш,Хлеб и выпечка,61,0.65
2022-12-01,Мороженое,Замороженные продукты,5,1.65
2022-12-01,Пельмени,Замороженные продукты,7,6.6
2022-12-01,Чай,Напитки,26,3.85
2022-12-01,Кофе,Напитки,7,8.8
2022-12-01,Сок,Напитки,19,3.1
2022-12-01,Вода,Напитки,51,0.65
2022-12-01,Говядина,Мясо,16,15.4
2022-12-01,Курица,Мясо,17,8.25
2022-12-01,Колбаса,Мясо,13,9.9
2022-12-01,Баранина,Мясо,8,17.6
2022-12-01,Шоколад,Сладости,46,2.75
2022-12-01,Конфеты,Сладости,14,6.6
2022-12-01,Печенье,Сладости,29,2.4
2022-12-01,Халва,Сладости,5,4.95
2022-12-01,Рис,Бакалея,21,3.1
2022-12-01,Сахар,Бакалея,34,1.65
2022-12-01,Макароны,Бакалея,19,1.45
2022-12-01,Масло подсолнечное,Бакалея,13,4.2
2022-12-02,Молоко,Молочные продукты,43,2.0
2022-12-02,Кефир,Молочные продукты,19,1.75
2022-12-02,Сыр,Молочные продукты,6,13.75
2022-12-02,Йогурт,Молочные продукты,19,1.3
2022-12-02,Яйца,Молочные продукты,22,3.5
2022-12-02,Хлеб,Хлеб и выпечка,124,0.9
2022-12-02,Лаваш,Хлеб и выпечка,62,0.65
2022-12-02,Мороженое,Замороженные продукты,8,1.65
2022-12-02,Пельмени,Замороженные продукты,11,6.6
2022-12-02,Чай,Напитки,13,3.85
2022-12-02,Кофе,Напитки,11,8.8
2022-12-02,Сок,Напитки,11,3.1
2022-12-02,Вода,Напитки,42,0.65
2022-12-02,Говядина,Мясо,14,15.4
2022-12-02,Курица,Мясо,17,8.25
2022-12-02,Колбаса,Мясо,14,9.9
2022-12-02,Баранина,Мясо,5,17.6
2022-12-02,Шоколад,Сладости,27,2.75
2022-12-02,Конфеты,Сладости,16,6.6
2022-12-02,Печенье,Сладости,21,2.4
2022-12-02,Халва,Сладости,5,4.95
2022-12-02,Рис,Бакалея,19,3.1
2022-12-02,Сахар,Бакалея,25,1.65
2022-12-02,Макароны,Бакалея,16,1.45
2022-12-02,Масло подсолнечное,Бакалея,15,4.2
2022-12-03,Молоко,Молочные продукты,42,2.0
2022-12-03,Кефир,Молочные продукты,20,1.75
2022-12-03,Сыр,Молочные продукты,6,13.75
2022-12-03,Йогурт,Молочные продукты,26,1.3
2022-12-03,Яйца,Молочные продукты,35,3.5
2022-12-03,Хлеб,Хлеб и выпечка,125,0.9
2022-12-03,Лаваш,Хлеб и выпечка,66,0.65
2022-12-03,Мороженое,Замороженные продукты,8,1.65
2022-12-03,Пельмени,Замороженные продукты,6,6.6
2022-12-03,Чай,Напитки,25,3.85
2022-12-03,Кофе,Напитки,12,8.8
2022-12-03,Сок,Напитки,16,3.1
2022-12-03,Вода,Напитки,77,0.65
2022-12-03,Говядина,Мясо,14,15.4
2022-12-03,Курица,Мясо,21,8.25
2022-12-03,Колбаса,Мясо,18,9.9
2022-12-03,Баранина,Мясо,5,17.6
2022-12-03,Шоколад,Сладости,38,2.75
2022-12-03,Конфеты,Сладости,24,6.6
2022-12-03,Печенье,Сладости,27,2.4
2022-12-03,Халва,Сладости,10,4.95
2022-12-03,Рис,Бакалея,15,3.1
2022-12-03,Сахар,Бакалея,33,1.65
2022-12-03,Макароны,Бакалея,26,1.45
2022-12-03,Масло подсолнечное,Бакалея,14,4.2
2022-12-04,Молоко,Молочные продукты,30,2.0
2022-12-04,Кефир,Молочные продукты,18,1.75
2022-12-04,Сыр,Молочные продукты,4,13.75
2022-12-04,Йогурт,Молочные продукты,24,1.3
2022-12-04,Яйца,Молочные продукты,34,3.5
2022-12-04,Хлеб,Хлеб и выпечка,142,0.9
2022-12-04,Лаваш,Хлеб и выпечка,69,0.65
2022-12-04,Мороженое,Замороженные продукты,8,1.65
2022-12-04,Пельмени,Замороженные продукты,11,6.6
2022-12-04,Чай,Напитки,34,3.85
2022-12-04,Кофе,Напитки,9,8.8
2022-12-04,Сок,Напитки,24,3.1
2022-12-04,Вода,Напитки,47,0.65
2022-12-04,Говядина,Мясо,9,15.4
2022-12-04,Курица,Мясо,25,8.25
2022-12-04,Колбаса,Мясо,17,9.9
2022-12-04,Баранина,Мясо,5,17.6
2022-12-04,Шоколад,Сладости,46,2.75
2022-12-04,Конфеты,Сладости,24,6.6
2022-12-04,Печенье,Сладости,25,2.4
2022-12-04,Халва,Сладости,8,4.95
2022-12-04,Рис,Бакалея,17,3.1
2022-12-04,Сахар,Бакалея,30,1.65
2022-12-04,Макароны,Бакалея,22,1.45
2022-12-04,Масло подсолнечное,Бакалея,12,4.2
2022-12-05,Молоко,Молочные продукты,37,2.0
2022-12-05,Кефир,Молочные продукты,18,1.75
2022-12-05,Сыр,Молочные продукты,2,13.75
2022-12-05,Йогурт,Молочные продукты,21,1.3
2022-12-05,Яйца,Молочные продукты,33,3.5
2022-12-05,Хлеб,Хлеб и выпечка,107,0.9
2022-12-05,Лаваш,Хлеб и выпечка,53,0.65
2022-12-05,Мороженое,Замороженные продукты,6,1.65
2022-12-05,Пельмени,Замороженные продукты,5,6.6
2022-12-05,Чай,Напитки,17,3.85
2022-12-05,Кофе,Напитки,7,8.8
2022-12-05,Сок,Напитки,8,3.1
2022-12-05,Вода,Напитки,50,0.65
2022-12-05,Говядина,Мясо,22,15.4
2022-12-05,Курица,Мясо,12,8.25
2022-12-05,Колбаса,Мясо,14,9.9
2022-12-05,Баранина,Мясо,8,17.6
2022-12-05,Шоколад,Сладости,33,2.75
2022-12-05,Конфеты,Сладости,14,6.6
2022-12-05,Печенье,Сладости,38,2.4
2022-12-05,Халва,Сладости,4,4.95
2022-12-05,Рис,Бакалея,7,3.1
2022-12-05,Сахар,Бакалея,28,1.65
2022-12-05,Макароны,Бакалея,11,1.45
2022-12-05,Масло подсолнечное,Бакалея,9,4.2
2022-12-06,Молоко,Молочные продукты,39,2.0
2022-12-06,Кефир,Молочные продукты,11,1.75
2022-12-06,Сыр,Молочные продукты,7,13.75
2022-12-06,Йогурт,Молочные продукты,15,1.3
2022-12-06,Яйца,Молочные продукты,18,3.5
2022-12-06,Хлеб,Хлеб и выпечка,113,0.9
2022-12-06,Лаваш,Хлеб и выпечка,61,0.65
2022-12-06,Мороженое,Замороженные продукты,8,1.65
2022-12-06,Пельмени,Замороженные продукты,1,6.6
2022-12-06,Чай,Напитки,30,3.85
2022-12-06,Кофе,Напитки,15,8.8
2022-12-06,Сок,Напитки,14,3.1
2022-12-06,Вода,Напитки,47,0.65
2022-12-06,Говядина,Мясо,12,15.4
2022-12-06,Курица,Мясо,24,8.25
2022-12-06,Колбаса,Мясо,10,9.9
2022-12-06,Баранина,Мясо,5,17.6
2022-12-06,Шоколад,Сладости,31,2.75
2022-12-06,Конфеты,Сладости,11,6.6
2022-12-06,Печенье,Сладости,27,2.4
2022-12-06,Халва,Сладости,5,4.95
2022-12-06,Рис,Бакалея,20,3.1
2022-12-06,Сахар,Бакалея,29,1.65
2022-12-06,Макароны,Бакалея,21,1.45
2022-12-06,Масло подсолнечное,Бакалея,8,4.2
2022-12-07,Молоко,Молочные продукты,42,2.0
2022-12-07,Кефир,Молочные продукты,13,1.75
2022-12-07,Сыр,Молочные продукты,6,13.75
2022-12-07,Йогурт,Молочные продукты,19,1.3
2022-12-07,Яйца,Молочные продукты,34,3.5
2022-12-07,Хлеб,Хлеб и выпечка,121,0.9
2022-12-07,Лаваш,Хлеб и выпечка,52,0.65
2022-12-07,Мороженое,Замороженные продукты,6,1.65
2022-12-07,Пельмени,Замороженные продукты,9,6.6
2022-12-07,Чай,Напитки,20,3.85
2022-12-07,Кофе,Напитки,7,8.8
2022-12-07,Сок,Напитки,18,3.1
2022-12-07,Вода,Напитки,56,0.65
2022-12-07,Говядина,Мясо,16,15.4
2022-12-07,Курица,Мясо,18,8.25
2022-12-07,Колбаса,Мясо,16,9.9
2022-12-07,Баранина,Мясо,6,17.6
2022-12-07,Шоколад,Сладости,40,2.75
2022-12-07,Конфеты,Сладости,21,6.6
2022-12-07,Печенье,Сладости,23,2.4
2022-12-07,Халва,Сладости,8,4.95
2022-12-07,Рис,Бакалея,10,3.1
2022-12-07,Сахар,Бакалея,25,1.65
2022-12-07,Макароны,Бакалея,23,1.45
2022-12-07,Масло подсолнечное,Бакалея,13,4.2
2022-12-08,Молоко,Молочные продукты,36,2.0
2022-12-08,Кефир,Молочные продукты,8,1.75
2022-12-08,Сыр,Молочные продукты,10,13.75
2022-12-08,Йогурт,Молочные продукты,19,1.3
2022-12-08,Яйца,Молочные продукты,20,3.5
2022-12-08,Хлеб,Хлеб и выпечка,124,0.9
2022-12-08,Лаваш,Хлеб и выпечка,50,0.65
2022-12-08,Мороженое,Замороженные продукты,12,1.65
2022-12-08,Пельмени,Замороженные продукты,8,6.6
2022-12-08,Чай,Напитки,22,3.85
2022-12-08,Кофе,Напитки,9,8.8
2022-12-08,Сок,Напитки,18,3.1
2022-12-08,Вода,Напитки,43,0.65
2022-12-08,Говядина,Мясо,8,15.4
2022-12-08,Курица,Мясо,20,8.25
2022-12-08,Колбаса,Мясо,15,9.9
2022-12-08,Баранина,Мясо,6,17.6
2022-12-08,Шоколад,Сладости,34,2.75
2022-12-08,Конфеты,Сладости,13,6.6
2022-12-08,Печенье,Сладости,23,2.4
2022-12-08,Халва,Сладости,13,4.95
2022-12-08,Рис,Бакалея,14,3.1
2022-12-08,Сахар,Бакалея,19,1.65
2022-12-08,Макароны,Бакалея,19,1.45
2022-12-08,Масло подсолнечное,Бакалея,18,4.2
2022-12-09,Молоко,Молочные продукты,36,2.0
2022-12-09,Кефир,Молочные продукты,12,1.75
2022-12-09,Сыр,Молочные продукты,11,13.75
2022-12-09,Йогурт,Молочные продукты,17,1.3
2022-12-09,Яйца,Молочные продукты,22,3.5
2022-12-09,Хлеб,Хлеб и выпечка,118,0.9
2022-12-09,Лаваш,Хлеб и выпечка,60,0.65
2022-12-09,Мороженое,Замороженные продукты,11,1.65
2022-12-09,Пельмени,Замороженные продукты,7,6.6
2022-12-09,Чай,Напитки,19,3.85
2022-12-09,Кофе,Напитки,12,8.8
2022-12-09,Сок,Напитки,21,3.1
2022-12-09,Вода,Напитки,47,0.65
2022-12-09,Говядина,Мясо,11,15.4
2022-12-09,Курица,Мясо,31,8.25
2022-12-09,Колбаса,Мясо,15,9.9
2022-12-09,Баранина,Мясо,4,17.6
2022-12-09,Шоколад,Сладости,36,2.75
2022-12-09,Конфеты,Сладости,12,6.6
2022-12-09,Печенье,Сладости,33,2.4
2022-12-09,Халва,Сладости,8,4.95
2022-12-09,Рис,Бакалея,13,3.1
2022-12-09,Сахар,Бакалея,25,1.65
2022-12-09,Макароны,Бакалея,23,1.45
2022-12-09,Масло подсолнечное,Бакалея,11,4.2
2022-12-10,Молоко,Молочные продукты,36,2.0
2022-12-10,Кефир,Молочные продукты,17,1.75
2022-12-10,Сыр,Молочные продукты,11,13.75
2022-12-10,Йогурт,Молочные продукты,30,1.3
2022-12-10,Яйца,Молочные продукты,25,3.5
2022-12-10,Хлеб,Хлеб и выпечка,146,0.9
2022-12-10,Лаваш,Хлеб и выпечка,77,0.65
2022-12-10,Мороженое,Замороженные продукты,11,1.65
2022-12-10,Пельмени,Замороженные продукты,14,6.6
2022-12-10,Чай,Напитки,26,3.85
2022-12-10,Кофе,Напитки,13,8.8
2022-12-10,Сок,Напитки,17,3.1
2022-12-10,Вода,Напитки,52,0.65
2022-12-10,Говядина,Мясо,14,15.4
2022-12-10,Курица,Мясо,21,8.25
2022-12-10,Колбаса,Мясо,12,9.9
2022-12-10,Баранина,Мясо,4,17.6
2022-12-10,Шоколад,Сладости,47,2.75
2022-12-10,Конфеты,Сладости,22,6.6
2022-12-10,Печенье,Сладости,34,2.4
2022-12-10,Халва,Сладости,9,4.95
2022-12-10,Рис,Бакалея,22,3.1
2022-12-10,Сахар,Бакалея,32,1.65
2022-12-10,Макароны,Бакалея,19,1.45
2022-12-10,Масло подсолнечное,Бакалея,16,4.2
2022-12-11,Молоко,Молочные продукты,55,2.0
2022-12-11,Кефир,Молочные продукты,21,1.75
2022-12-11,Сыр,Молочные продукты,7,13.75
2022-12-11,Йогурт,Молочные продукты,26,1.3
2022-12-11,Яйца,Молочные продукты,21,3.5
2022-12-11,Хлеб,Хлеб и выпечка,151,0.9
2022-12-11,Лаваш,Хлеб и выпечка,70,0.65
2022-12-11,Мороженое,Замороженные продукты,10,1.65
2022-12-11,Пельмени,Замороженные продукты,11,6.6
2022-12-11,Чай,Напитки,33,3.85
2022-12-11,Кофе,Напитки,10,8.8
2022-12-11,Сок,Напитки,25,3.1
2022-12-11,Вода,Напитки,66,0.65
2022-12-11,Говядина,Мясо,22,15.4
2022-12-11,Курица,Мясо,29,8.25
2022-12-11,Колбаса,Мясо,22,9.9
2022-12-11,Баранина,Мясо,8,17.6
2022-12-11,Шоколад,Сладости,43,2.75
2022-12-11,Конфеты,Сладости,17,6.6
2022-12-11,Печенье,Сладости,39,2.4
2022-12-11,Халва,Сладости,8,4.95
2022-12-11,Рис,Бакалея,15,3.1
2022-12-11,Сахар,Бакалея,32,1.65
2022-12-11,Макароны,Бакалея,26,1.45
2022-12-11,Масло подсолнечное,Бакалея,13,4.2
2022-12-12,Молоко,Молочные продукты,36,2.0
2022-12-12,Кефир,Молочные продукты,13,1.75
2022-12-12,Сыр,Молочные продукты,8,13.75
2022-12-12,Йогурт,Молочные продукты,36,1.3
2022-12-12,Яйца,Молочные продукты,27,3.5
2022-12-12,Хлеб,Хлеб и выпечка,105,0.9
2022-12-12,Лаваш,Хлеб и выпечка,52,0.65
2022-12-12,Мороженое,Замороженные продукты,1,1.65
2022-12-12,Пельмени,Замороженные продукты,5,6.6
2022-12-12,Чай,Напитки,18,3.85
2022-12-12,Кофе,Напитки,7,8.8
2022-12-12,Сок,Напитки,18,3.1
2022-12-12,Вода,Напитки,51,0.65
2022-12-12,Говядина,Мясо,14,15.4
2022-12-12,Курица,Мясо,24,8.25
2022-12-12,Колбаса,Мясо,16,9.9
2022-12-12,Баранина,Мясо,10,17.6
2022-12-12,Шоколад,Сладости,41,2.75
2022-12-12,Конфеты,Сладости,18,6.6
2022-12-12,Печенье,Сладости,29,2.4
2022-12-12,Халва,Сладости,12,4.95
2022-12-12,Рис,Бакалея,16,3.1
2022-12-12,Сахар,Бакалея,29,1.65
2022-12-12,Макароны,Бакалея,21,1.45
2022-12-12,Масло подсолнечное,Бакалея,11,4.2
2022-12-13,Молоко,Молочные продукты,38,2.0
2022-12-13,Кефир,Молочные продукты,19,1.75
2022-12-13,Сыр,Молочные продукты,7,13.75
2022-12-13,Йогурт,Молочные продукты,20,1.3
2022-12-13,Яйца,Молочные продукты,28,3.5
2022-12-13,Хлеб,Хлеб и выпечка,110,0.9
2022-12-13,Лаваш,Хлеб и выпечка,57,0.65
2022-12-13,Мороженое,Замороженные продукты,6,1.65
2022-12-13,Пельмени,Замороженные продукты,11,6.6
2022-12-13,Чай,Напитки,13,3.85
2022-12-13,Кофе,Напитки,9,8.8
2022-12-13,Сок,Напитки,14,3.1
2022-12-13,Вода,Напитки,38,0.65
2022-12-13,Говядина,Мясо,20,15.4
2022-12-13,Курица,Мясо,23,8.25
2022-12-13,Колбаса,Мясо,14,9.9
2022-12-13,Баранина,Мясо,7,17.6
2022-12-13,Шоколад,Сладости,39,2.75
2022-12-13,Конфеты,Сладости,17,6.6
2022-12-13,Печенье,Сладости,24,2.4
2022-12-13,Халва,Сладости,12,4.95
2022-12-13,Рис,Бакалея,24,3.1
2022-12-13,Сахар,Бакалея,21,1.65
2022-12-13,Макароны,Бакалея,22,1.45
2022-12-13,Масло подсолнечное,Бакалея,10,4.2
2022-12-14,Молоко,Молочные продукты,32,2.0
2022-12-14,Кефир,Молочные продукты,22,1.75
2022-12-14,Сыр,Молочные продукты,17,13.75
2022-12-14,Йогурт,Молочные продукты,21,1.3
2022-12-14,Яйца,Молочные продукты,31,3.5
2022-12-14,Хлеб,Хлеб и выпечка,110,0.9
2022-12-14,Лаваш,Хлеб и выпечка,47,0.65
2022-12-14,Мороженое,Замороженные продукты,11,1.65
2022-12-14,Пельмени,Замороженные продукты,13,6.6
2022-12-14,Чай,Напитки,23,3.85
2022-12-14,Кофе,Напитки,9,8.8
2022-12-14,Сок,Напитки,17,3.1
2022-12-14,Вода,Напитки,40,0.65
2022-12-14,Говядина,Мясо,15,15.4
2022-12-14,Курица,Мясо,25,8.25
2022-12-14,Колбаса,Мясо,25,9.9
2022-12-14,Баранина,Мясо,9,17.6
2022-12-14,Шоколад,Сладости,43,2.75
2022-12-14,Конфеты,Сладости,11,6.6
2022-12-14,Печенье,Сладости,22,2.4
2022-12-14,Халва,Сладости,11,4.95
2022-12-14,Рис,Бакалея,19,3.1
2022-12-14,Сахар,Бакалея,23,1.65
2022-12-14,Макароны,Бакалея,23,1.45
2022-12-14,Масло подсолнечное,Бакалея,17,4.2
2022-12-15,Молоко,Молочные продукты,38,2.0
2022-12-15,Кефир,Молочные продукты,13,1.75
2022-12-15,Сыр,Молочные продукты,1,13.75
2022-12-15,Йогурт,Молочные продукты,20,1.3
2022-12-15,Яйца,Молочные продукты,44,3.5
2022-12-15,Хлеб,Хлеб и выпечка,117,0.9
2022-12-15,Лаваш,Хлеб и выпечка,31,0.65
2022-12-15,Мороженое,Замороженные продукты,8,1.65
2022-12-15,Пельмени,Замороженные продукты,3,6.6
2022-12-15,Чай,Напитки,17,3.85
2022-12-15,Кофе,Напитки,8,8.8
2022-12-15,Сок,Напитки,26,3.1
2022-12-15,Вода,Напитки,44,0.65
2022-12-15,Говядина,Мясо,12,15.4
2022-12-15,Курица,Мясо,26,8.25
2022-12-15,Колбаса,Мясо,15,9.9
2022-12-15,Баранина,Мясо,4,17.6
2022-12-15,Шоколад,Сладости,37,2.75
2022-12-15,Конфеты,Сладости,19,6.6
2022-12-15,Печенье,Сладости,33,2.4
2022-12-15,Халва,Сладости,13,4.95
2022-12-15,Рис,Бакалея,13,3.1
2022-12-15,Сахар,Бакалея,30,1.65
2022-12-15,Макароны,Бакалея,24,1.45
2022-12-15,Масло подсолнечное,Бакалея,13,4.2
2022-12-16,Молоко,Молочные продукты,43,2.0
2022-12-16,Кефир,Молочные продукты,10,1.75
2022-12-16,Сыр,Молочные продукты,9,13.75
2022-12-16,Йогурт,Молочные продукты,18,1.3
2022-12-16,Яйца,Молочные продукты,27,3.5
2022-12-16,Хлеб,Хлеб и выпечка,103,0.9
2022-12-16,Лаваш,Хлеб и выпечка,58,0.65
2022-12-16,Мороженое,Замороженные продукты,10,1.65
2022-12-16,Пельмени,Замороженные продукты,7,6.6
2022-12-16,Чай,Напитки,21,3.85
2022-12-16,Кофе,Напитки,8,8.8
2022-12-16,Сок,Напитки,19,3.1
2022-12-16,Вода,Напитки,46,0.65
2022-12-16,Говядина,Мясо,19,15.4
2022-12-16,Курица,Мясо,35,8.25
2022-12-16,Колбаса,Мясо,15,9.9
2022-12-16,Баранина,Мясо,16,17.6
2022-12-16,Шоколад,Сладости,41,2.75
2022-12-16,Конфеты,Сладости,17,6.6
2022-12-16,Печенье,Сладости,36,2.4
2022-12-16,Халва,Сладости,13,4.95
2022-12-16,Рис,Бакалея,13,3.1
2022-12-16,Сахар,Бакалея,24,1.65
2022-12-16,Макароны,Бакалея,18,1.45
2022-12-16,Масло подсолнечное,Бакалея,11,4.2
2022-12-17,Молоко,Молочные продукты,42,2.0
2022-12-17,Кефир,Молочные продукты,19,1.75
2022-12-17,Сыр,Молочные продукты,11,13.75
2022-12-17,Йогурт,Молочные продукты,22,1.3
2022-12-17,Яйца,Молочные продукты,17,3.5
2022-12-17,Хлеб,Хлеб и выпечка,136,0.9
2022-12-17,Лаваш,Хлеб и выпечка,73,0.65
2022-12-17,Мороженое,Замороженные продукты,7,1.65
2022-12-17,Пельмени,Замороженные продукты,5,6.6
2022-12-17,Чай,Напитки,23,3.85
2022-12-17,Кофе,Напитки,8,8.8
2022-12-17,Сок,Напитки,17,3.1
2022-12-17,Вода,Напитки,64,0.65
2022-12-17,Говядина,Мясо,21,15.4
2022-12-17,Курица,Мясо,42,8.25
2022-12-17,Колбаса,Мясо,18,9.9
2022-12-17,Баранина,Мясо,14,17.6
2022-12-17,Шоколад,Сладости,46,2.75
2022-12-17,Конфеты,Сладости,28,6.6
2022-12-17,Печенье,Сладости,44,2.4
2022-12-17,Халва,Сладости,15,4.95
2022-12-17,Рис,Бакалея,25,3.1
2022-12-17,Сахар,Бакалея,36,1.65
2022-12-17,Макароны,Бакалея,14,1.45
2022-12-17,Масло подсолнечное,Бакалея,13,4.2
2022-12-18,Молоко,Молочные продукты,57,2.0
2022-12-18,Кефир,Молочные продукты,13,1.75
2022-12-18,Сыр,Молочные продукты,12,13.75
2022-12-18,Йогурт,Молочные продукты,25,1.3
2022-12-18,Яйца,Молочные продукты,29,3.5
2022-12-18,Хлеб,Хлеб и выпечка,144,0.9
2022-12-18,Лаваш,Хлеб и выпечка,71,0.65
2022-12-18,Мороженое,Замороженные продукты,10,1.65
2022-12-18,Пельмени,Замороженные продукты,11,6.6
2022-12-18,Чай,Напитки,35,3.85
2022-12-18,Кофе,Напитки,10,8.8
2022-12-18,Сок,Напитки,18,3.1
2022-12-18,Вода,Напитки,68,0.65
2022-12-18,Говядина,Мясо,22,15.4
2022-12-18,Курица,Мясо,46,8.25
2022-12-18,Колбаса,Мясо,22,9.9
2022-12-18,Баранина,Мясо,16,17.6
2022-12-18,Шоколад,Сладости,50,2.75
2022-12-18,Конфеты,Сладости,16,6.6
2022-12-18,Печенье,Сладости,46,2.4
2022-12-18,Халва,Сладости,14,4.95
2022-12-18,Рис,Бакалея,12,3.1
2022-12-18,Сахар,Бакалея,31,1.65
2022-12-18,Макароны,Бакалея,22,1.45
2022-12-18,Масло подсолнечное,Бакалея,10,4.2
2022-12-19,Молоко,Молочные продукты,41,2.0
2022-12-19,Кефир,Молочные продукты,18,1.75
2022-12-19,Сыр,Молочные продукты,10,13.75
2022-12-19,Йогурт,Молочные продукты,19,1.3
2022-12-19,Яйца,Молочные продукты,24,3.5
2022-12-19,Хлеб,Хлеб и выпечка,132,0.9
2022-12-19,Лаваш,Хлеб и выпечка,45,0.65
2022-12-19,Мороженое,Замороженные продукты,3,1.65
2022-12-19,Пельмени,Замороженные продукты,6,6.6
2022-12-19,Чай,Напитки,26,3.85
2022-12-19,Кофе,Напитки,7,8.8
2022-12-19,Сок,Напитки,12,3.1
2022-12-19,Вода,Напитки,53,0.65
2022-12-19,Говядина,Мясо,18,15.4
2022-12-19,Курица,Мясо,37,8.25
2022-12-19,Колбаса,Мясо,25,9.9
2022-12-19,Баранина,Мясо,6,17.6
2022-12-19,Шоколад,Сладости,54,2.75
2022-12-19,Конфеты,Сладости,27,6.6
2022-12-19,Печенье,Сладости,29,2.4
2022-12-19,Халва,Сладости,15,4.95
2022-12-19,Рис,Бакалея,17,3.1
2022-12-19,Сахар,Бакалея,25,1.65
2022-12-19,Макароны,Бакалея,16,1.45
2022-12-19,Масло подсолнечное,Бакалея,11,4.2
2022-12-20,Молоко,Молочные продукты,53,2.0
2022-12-20,Кефир,Молочные продукты,9,1.75
2022-12-20,Сыр,Молочные продукты,5,13.75
2022-12-20,Йогурт,Молочные продукты,16,1.3
2022-12-20,Яйца,Молочные продукты,31,3.5
2022-12-20,Хлеб,Хлеб и выпечка,99,0.9
2022-12-20,Лаваш,Хлеб и выпечка,52,0.65
2022-12-20,Мороженое,Замороженные продукты,10,1.65
2022-12-20,Пельмени,Замороженные продукты,4,6.6
2022-12-20,Чай,Напитки,25,3.85
2022-12-20,Кофе,Напитки,8,8.8
2022-12-20,Сок,Напитки,15,3.1
2022-12-20,Вода,Напитки,56,0.65
2022-12-20,Говядина,Мясо,19,15.4
2022-12-20,Курица,Мясо,33,8.25
2022-12-20,Колбаса,Мясо,22,9.9
2022-12-20,Баранина,Мясо,6,17.6
2022-12-20,Шоколад,Сладости,47,2.75
2022-12-20,Конфеты,Сладости,19,6.6
2022-12-20,Печенье,Сладости,46,2.4
2022-12-20,Халва,Сладости,11,4.95
2022-12-20,Рис,Бакалея,9,3.1
2022-12-20,Сахар,Бакалея,23,1.65
2022-12-20,Макароны,Бакалея,18,1.45
2022-12-20,Масло подсолнечное,Бакалея,12,4.2
2022-12-21,Молоко,Молочные продукты,30,2.0
2022-12-21,Кефир,Молочные продукты,22,1.75
2022-12-21,Сыр,Молочные продукты,7,13.75
2022-12-21,Йогурт,Молочные продукты,26,1.3
2022-12-21,Яйца,Молочные продукты,23,3.5
2022-12-21,Хлеб,Хлеб и выпечка,104,0.9
2022-12-21,Лаваш,Хлеб и выпечка,67,0.65
2022-12-21,Мороженое,Замороженные продукты,4,1.65
2022-12-21,Пельмени,Замороженные продукты,7,6.6
2022-12-21,Чай,Напитки,7,3.85
2022-12-21,Кофе,Напитки,10,8.8
2022-12-21,Сок,Напитки,14,3.1
2022-12-21,Вода,Напитки,55,0.65
2022-12-21,Говядина,Мясо,15,15.4
2022-12-21,Курица,Мясо,31,8.25
2022-12-21,Колбаса,Мясо,20,9.9
2022-12-21,Баранина,Мясо,16,17.6
2022-12-21,Шоколад,Сладости,55,2.75
2022-12-21,Конфеты,Сладости,18,6.6
2022-12-21,Печенье,Сладости,51,2.4
2022-12-21,Халва,Сладости,17,4.95
2022-12-21,Рис,Бакалея,16,3.1
2022-12-21,Сахар,Бакалея,36,1.65
2022-12-21,Макароны,Бакалея,18,1.45
2022-12-21,Масло подсолнечное,Бакалея,18,4.2
2022-12-22,Молоко,Молочные продукты,42,2.0
2022-12-22,Кефир,Молочные продукты,11,1.75
2022-12-22,Сыр,Молочные продукты,6,13.75
2022-12-22,Йогурт,Молочные продукты,16,1.3
2022-12-22,Яйца,Молочные продукты,20,3.5
2022-12-22,Хлеб,Хлеб и выпечка,108,0.9
2022-12-22,Лаваш,Хлеб и выпечка,58,0.65
2022-12-22,Мороженое,Замороженные продукты,7,1.65
2022-12-22,Пельмени,Замороженные продукты,12,6.6
2022-12-22,Чай,Напитки,27,3.85
2022-12-22,Кофе,Напитки,6,8.8
2022-12-22,Сок,Напитки,13,3.1
2022-12-22,Вода,Напитки,44,0.65
2022-12-22,Говядина,Мясо,12,15.4
2022-12-22,Курица,Мясо,27,8.25
2022-12-22,Колбаса,Мясо,21,9.9
2022-12-22,Баранина,Мясо,9,17.6
2022-12-22,Шоколад,Сладости,43,2.75
2022-12-22,Конфеты,Сладости,24,6.6
2022-12-22,Печенье,Сладости,41,2.4
2022-12-22,Халва,Сладости,13,4.95
2022-12-22,Рис,Бакалея,12,3.1
2022-12-22,Сахар,Бакалея,26,1.65
2022-12-22,Макароны,Бакалея,24,1.45
2022-12-22,Масло подсолнечное,Бакалея,5,4.2
2022-12-23,Молоко,Молочные продукты,46,2.0
2022-12-23,Кефир,Молочные продукты,9,1.75
2022-12-23,Сыр,Молочные продукты,9,13.75
2022-12-23,Йогурт,Молочные продукты,13,1.3
2022-12-23,Яйца,Молочные продукты,26,3.5
2022-12-23,Хлеб,Хлеб и выпечка,119,0.9
2022-12-23,Лаваш,Хлеб и выпечка,56,0.65
2022-12-23,Мороженое,Замороженные продукты,9,1.65
2022-12-23,Пельмени,Замороженные продукты,7,6.6
2022-12-23,Чай,Напитки,25,3.85
2022-12-23,Кофе,Напитки,7,8.8
2022-12-23,Сок,Напитки,12,3.1
2022-12-23,Вода,Напитки,54,0.65
2022-12-23,Говядина,Мясо,19,15.4
2022-12-23,Курица,Мясо,33,8.25
2022-12-23,Колбаса,Мясо,22,9.9
2022-12-23,Баранина,Мясо,13,17.6
2022-12-23,Шоколад,Сладости,45,2.75
2022-12-23,Конфеты,Сладости,28,6.6
2022-12-23,Печенье,Сладости,41,2.4
2022-12-23,Халва,Сладости,12,4.95
2022-12-23,Рис,Бакалея,11,3.1
2022-12-23,Сахар,Бакалея,29,1.65
2022-12-23,Макароны,Бакалея,29,1.45
2022-12-23,Масло подсолнечное,Бакалея,7,4.2
2022-12-24,Молоко,Молочные продукты,50,2.0
2022-12-24,Кефир,Молочные продукты,17,1.75
2022-12-24,Сыр,Молочные продукты,13,13.75
2022-12-24,Йогурт,Молочные продукты,16,1.3
2022-12-24,Яйца,Молочные продукты,33,3.5
2022-12-24,Хлеб,Хлеб и выпечка,123,0.9
2022-12-24,Лаваш,Хлеб и выпечка,72,0.65
2022-12-24,Мороженое,Замороженные продукты,5,1.65
2022-12-24,Пельмени,Замороженные продукты,11,6.6
2022-12-24,Чай,Напитки,28,3.85
2022-12-24,Кофе,Напитки,6,8.8
2022-12-24,Сок,Напитки,23,3.1
2022-12-24,Вода,Напитки,60,0.65
2022-12-24,Говядина,Мясо,10,15.4
2022-12-24,Курица,Мясо,38,8.25
2022-12-24,Колбаса,Мясо,27,9.9
2022-12-24,Баранина,Мясо,15,17.6
2022-12-24,Шоколад,Сладости,59,2.75
2022-12-24,Конфеты,Сладости,29,6.6
2022-12-24,Печенье,Сладости,39,2.4
2022-12-24,Халва,Сладости,15,4.95
2022-12-24,Рис,Бакалея,21,3.1
2022-12-24,Сахар,Бакалея,31,1.65
2022-12-24,Макароны,Бакалея,17,1.45
2022-12-24,Масло подсолнечное,Бакалея,13,4.2
2022-12-25,Молоко,Молочные продукты,47,2.0
2022-12-25,Кефир,Молочные продукты,27,1.75
2022-12-25,Сыр,Молочные продукты,17,13.75
2022-12-25,Йогурт,Молочные продукты,33,1.3
2022-12-25,Яйца,Молочные продукты,34,3.5
2022-12-25,Хлеб,Хлеб и выпечка,144,0.9
2022-12-25,Лаваш,Хлеб и выпечка,75,0.65
2022-12-25,Мороженое,Замороженные продукты,3,1.65
2022-12-25,Пельмени,Замороженные продукты,7,6.6
2022-12-25,Чай,Напитки,21,3.85
2022-12-25,Кофе,Напитки,7,8.8
2022-12-25,Сок,Напитки,22,3.1
2022-12-25,Вода,Напитки,60,0.65
2022-12-25,Говядина,Мясо,34,15.4
2022-12-25,Курица,Мясо,40,8.25
2022-12-25,Колбаса,Мясо,29,9.9
2022-12-25,Баранина,Мясо,19,17.6
2022-12-25,Шоколад,Сладости,76,2.75
2022-12-25,Конфеты,Сладости,31,6.6
2022-12-25,Печенье,Сладости,45,2.4
2022-12-25,Халва,Сладости,12,4.95
2022-12-25,Рис,Бакалея,20,3.1
2022-12-25,Сахар,Бакалея,24,1.65
2022-12-25,Макароны,Бакалея,24,1.45
2022-12-25,Масло подсолнечное,Бакалея,8,4.2
2022-12-26,Молоко,Молочные продукты,40,2.0
2022-12-26,Кефир,Молочные продукты,14,1.75
2022-12-26,Сыр,Молочные продукты,18,13.75
2022-12-26,Йогурт,Молочные продукты,26,1.3
2022-12-26,Яйца,Молочные продукты,23,3.5
2022-12-26,Хлеб,Хлеб и выпечка,109,0.9
2022-12-26,Лаваш,Хлеб и выпечка,72,0.65
2022-12-26,Мороженое,Замороженные продукты,7,1.65
2022-12-26,Пельмени,Замороженные продукты,5,6.6
2022-12-26,Чай,Напитки,18,3.85
2022-12-26,Кофе,Напитки,10,8.8
2022-12-26,Сок,Напитки,26,3.1
2022-12-26,Вода,Напитки,50,0.65
2022-12-26,Говядина,Мясо,22,15.4
2022-12-26,Курица,Мясо,37,8.25
2022-12-26,Колбаса,Мясо,15,9.9
2022-12-26,Баранина,Мясо,8,17.6
2022-12-26,Шоколад,Сладости,66,2.75
2022-12-26,Конфеты,Сладости,39,6.6
2022-12-26,Печенье,Сладости,49,2.4
2022-12-26,Халва,Сладости,14,4.95
2022-12-26,Рис,Бакалея,21,3.1
2022-12-26,Сахар,Бакалея,35,1.65
2022-12-26,Макароны,Бакалея,21,1.45
2022-12-26,Масло подсолнечное,Бакалея,13,4.2
2022-12-27,Молоко,Молочные продукты,39,2.0
2022-12-27,Кефир,Молочные продукты,21,1.75
2022-12-27,Сыр,Молочные продукты,6,13.75
2022-12-27,Йогурт,Молочные продукты,20,1.3
2022-12-27,Яйца,Молочные продукты,28,3.5
2022-12-27,Хлеб,Хлеб и выпечка,112,0.9
2022-12-27,Лаваш,Хлеб и выпечка,47,0.65
2022-12-27,Мороженое,Замороженные продукты,3,1.65
2022-12-27,Пельмени,Замороженные продукты,7,6.6
2022-12-27,Чай,Напитки,17,3.85
2022-12-27,Кофе,Напитки,8,8.8
2022-12-27,Сок,Напитки,24,3.1
2022-12-27,Вода,Напитки,50,0.65
2022-12-27,Говядина,Мясо,20,15.4
2022-12-27,Курица,Мясо,37,8.25
2022-12-27,Колбаса,Мясо,27,9.9
2022-12-27,Баранина,Мясо,19,17.6
2022-12-27,Шоколад,Сладости,57,2.75
2022-12-27,Конфеты,Сладости,31,6.6
2022-12-27,Печенье,Сладости,52,2.4
2022-12-27,Халва,Сладости,13,4.95
2022-12-27,Рис,Бакалея,16,3.1
2022-12-27,Сахар,Бакалея,29,1.65
2022-12-27,Макароны,Бакалея,17,1.45
2022-12-27,Масло подсолнечное,Бакалея,10,4.2
2022-12-28,Молоко,Молочные продукты,40,2.0
2022-12-28,Кефир,Молочные продукты,11,1.75
2022-12-28,Сыр,Молочные продукты,10,13.75
2022-12-28,Йогурт,Молочные продукты,18,1.3
2022-12-28,Яйца,Молочные продукты,27,3.5
2022-12-28,Хлеб,Хлеб и выпечка,101,0.9
2022-12-28,Лаваш,Хлеб и выпечка,59,0.65
2022-12-28,Мороженое,Замороженные продукты,7,1.65
2022-12-28,Пельмени,Замороженные продукты,8,6.6
2022-12-28,Чай,Напитки,20,3.85
2022-12-28,Кофе,Напитки,13,8.8
2022-12-28,Сок,Напитки,13,3.1
2022-12-28,Вода,Напитки,44,0.65
2022-12-28,Говядина,Мясо,21,15.4
2022-12-28,Курица,Мясо,39,8.25
2022-12-28,Колбаса,Мясо,27,9.9
2022-12-28,Баранина,Мясо,9,17.6
2022-12-28,Шоколад,Сладости,70,2.75
2022-12-28,Конфеты,Сладости,29,6.6
2022-12-28,Печенье,Сладости,46,2.4
2022-12-28,Халва,Сладости,14,4.95
2022-12-28,Рис,Бакалея,12,3.1
2022-12-28,Сахар,Бакалея,28,1.65
2022-12-28,Макароны,Бакалея,30,1.45
2022-12-28,Масло подсолнечное,Бакалея,9,4.2
2022-12-29,Молоко,Молочные продукты,49,2.0
2022-12-29,Кефир,Молочные продукты,19,1.75
2022-12-29,Сыр,Молочные продукты,10,13.75
2022-12-29,Йогурт,Молочные продукты,12,1.3
2022-12-29,Яйца,Молочные продукты,15,3.5
2022-12-29,Хлеб,Хлеб и выпечка,97,0.9
2022-12-29,Лаваш,Хлеб и выпечка,63,0.65
2022-12-29,Мороженое,Замороженные продукты,6,1.65
2022-12-29,Пельмени,Замороженные продукты,12,6.6
2022-12-29,Чай,Напитки,20,3.85
2022-12-29,Кофе,Напитки,9,8.8
2022-12-29,Сок,Напитки,23,3.1
2022-12-29,Вода,Напитки,43,0.65
2022-12-29,Говядина,Мясо,39,15.4
2022-12-29,Курица,Мясо,48,8.25
2022-12-29,Колбаса,Мясо,26,9.9
2022-12-29,Баранина,Мясо,13,17.6
2022-12-29,Шоколад,Сладости,72,2.75
2022-12-29,Конфеты,Сладости,37,6.6
2022-12-29,Печенье,Сладости,51,2.4
2022-12-29,Халва,Сладости,22,4.95
2022-12-29,Рис,Бакалея,13,3.1
2022-12-29,Сахар,Бакалея,22,1.65
2022-12-29,Макароны,Бакалея,26,1.45
2022-12-29,Масло подсолнечное,Бакалея,11,4.2
2022-12-30,Молоко,Молочные продукты,39,2.0
2022-12-30,Кефир,Молочные продукты,21,1.75
2022-12-30,Сыр,Молочные продукты,7,13.75
2022-12-30,Йогурт,Молочные продукты,21,1.3
2022-12-30,Яйца,Молочные продукты,29,3.5
2022-12-30,Хлеб,Хлеб и выпечка,95,0.9
2022-12-30,Лаваш,Хлеб и выпечка,60,0.65
2022-12-30,Мороженое,Замороженные продукты,7,1.65
2022-12-30,Пельмени,Замороженные продукты,8,6.6
2022-12-30,Чай,Напитки,28,3.85
2022-12-30,Кофе,Напитки,9,8.8
2022-12-30,Сок,Напитки,15,3.1
2022-12-30,Вода,Напитки,41,0.65
2022-12-30,Говядина,Мясо,30,15.4
2022-12-30,Курица,Мясо,56,8.25
2022-12-30,Колбаса,Мясо,29,9.9
2022-12-30,Баранина,Мясо,15,17.6
2022-12-30,Шоколад,Сладости,63,2.75
2022-12-30,Конфеты,Сладости,31,6.6
2022-12-30,Печенье,Сладости,62,2.4
2022-12-30,Халва,Сладости,23,4.95
2022-12-30,Рис,Бакалея,14,3.1
2022-12-30,Сахар,Бакалея,15,1.65
2022-12-30,Макароны,Бакалея,21,1.45
2022-12-30,Масло подсолнечное,Бакалея,12,4.2
2022-12-31,Молоко,Молочные продукты,47,2.0
2022-12-31,Кефир,Молочные продукты,24,1.75
2022-12-31,Сыр,Молочные продукты,13,13.75
2022-12-31,Йогурт,Молочные продукты,21,1.3
2022-12-31,Яйца,Молочные продукты,28,3.5
2022-12-31,Хлеб,Хлеб и выпечка,143,0.9
2022-12-31,Лаваш,Хлеб и выпечка,77,0.65
2022-12-31,Мороженое,Замороженные продукты,11,1.65
2022-12-31,Пельмени,Замороженные продукты,8,6.6
2022-12-31,Чай,Напитки,33,3.85
2022-12-31,Кофе,Напитки,12,8.8
2022-12-31,Сок,Напитки,24,3.1
2022-12-31,Вода,Напитки,58,0.65
2022-12-31,Говядина,Мясо,34,15.4
2022-12-31,Курица,Мясо,59,8.25
2022-12-31,Колбаса,Мясо,43,9.9
2022-12-31,Баранина,Мясо,15,17.6
2022-12-31,Шоколад,Сладости,92,2.75
2022-12-31,Конфеты,Сладости,54,6.6
2022-12-31,Печенье,Сладости,68,2.4
2022-12-31,Халва,Сладости,26,4.95
2022-12-31,Рис,Бакалея,10,3.1
2022-12-31,Сахар,Бакалея,33,1.65
2022-12-31,Макароны,Бакалея,33,1.45
2022-12-31,Масло подсолнечное,Бакалея,20,4.2
